local_queue,uav_queue,energy_user,energy_uav,delay,weightedE
0.0,0.0,0.0,0.0,1.2,0.0
105.3,0.0,0.0013280950920687156,0.0,2.285,0.013280950920687155
114.3,80.4,0.0017209600154841382,0.01151069375,1.6748148148148148,0.028720293904841376
156.0,70.0,0.002244928686298028,0.013458418750000001,1.5544444444444445,0.03590770561298028
156.9,78.4,0.0023733450737274445,0.01513072,1.667111111111111,0.03886417073727444
183.6,93.9,0.0022324056145512,0.0293194375,1.4497367502499954,0.05164349364551201
202.2,87.1,0.0045935069587085655,0.007363070000000001,1.863809523809524,0.05329813958708566
209.0,132.4,0.004060835876814992,0.05922201601886488,1.8955555555555552,0.09983037478701479
229.3,85.9,0.005651097281920376,0.011380073750000002,1.9781700695897384,0.06789104656920378
199.5,122.6,0.003063127200335105,0.044090665,1.8358525846482578,0.07472193700335106
188.1,110.3,0.0020876700870596002,0.04220708875,1.8633200371666412,0.06308378962059599
195.7,60.5,0.004220744862582686,0.0022146400000000004,2.1471514247427934,0.04442208862582687
157.0,131.7,0.0017757131293414836,0.05099267375000001,1.8736115719181918,0.06874980504341485
171.7,76.6,0.0020184475991313813,0.013817141250000001,1.648406578943409,0.034001617241313814
173.3,92.6,0.0022540157835800926,0.011744517500000001,1.7667170241667223,0.03428467533580093
173.9,108.0,0.0024220138864634554,0.01486398375,1.8509222122706732,0.03908412261463456
195.8,99.1,0.003360218112621538,0.010965197500000001,2.078026149256353,0.044567378626215376
165.5,142.4,0.0016161004545842271,0.03388581500000001,1.9096961195377726,0.050046819545842273
180.0,106.0,0.0018505391407941073,0.0178521125,1.6965608965957295,0.036357503907941076
187.2,111.9,0.0024060461933537135,0.0162350675,1.953500624931942,0.04029552943353713
149.6,126.6,0.001449779960243444,0.018593500000000002,1.771987366945136,0.03309129960243444
152.8,99.4,0.0014558307766336695,0.0175245875,1.5771133482748227,0.032082895266336696
158.3,73.6,0.0014172826411862167,0.013653552500000003,1.5205358136128724,0.027826378911862168
170.4,79.2,0.0021052659499341585,0.00918427625,1.6721832175373184,0.030236935749341585
156.0,94.2,0.0013679999902043187,0.015180331250000002,1.540616459955962,0.02886033115204319
133.6,74.1,0.0011620064514161073,0.00976322125,1.5626929066169928,0.021383285764161077
131.1,92.6,0.0006540367575284839,0.013253095000000001,1.385231241806786,0.019793462575284842
157.0,57.9,0.0026096232692266906,0.0029140862500000005,1.803838669914342,0.029010318942266907
139.0,108.1,0.0010234430576517878,0.0202281125,1.4711628399845638,0.03046254307651788
178.8,66.0,0.0020430479701738797,0.01100475,1.6439675031124907,0.031435229701738794
120.9,88.6,0.0011044876627357412,0.01661917875,1.5201769699472627,0.027664055377357416
166.2,61.5,0.0016378472084842212,0.008421656250000001,1.3448646689452892,0.024800128334842214
156.5,92.2,0.0017138781279163317,0.009654156250000002,1.603235326251129,0.026792937529163317
171.7,110.8,0.0018901885087692083,0.016967351250000002,1.645220444868422,0.03586923633769209
163.2,103.9,0.001432549139637526,0.019577406250000002,1.4985835615519896,0.03390289764637526
164.8,87.6,0.0016769711388822986,0.010512766250000001,1.5627541464217922,0.027282477638822994
138.1,116.6,0.0012239446346870796,0.0174535725,1.5841448697559488,0.0296930188468708
147.5,77.5,0.001213822799717572,0.00832769625,1.4946025991136,0.02046592424717572
146.7,87.2,0.0012762832310325898,0.01003738375,1.4176106033719584,0.0228002160603259
158.6,85.2,0.0011608478750351626,0.011076150000000002,1.3213403106821742,0.022684628750351633
170.8,66.8,0.0013653550191600767,0.0078343525,1.311492653043625,0.02148790269160077
181.3,81.7,0.0014782297450068047,0.00896009375,1.3009072140668043,0.02374239120006805
193.4,79.3,0.0017279263722524078,0.010222943750000001,1.2911895093848693,0.027502207472524076
196.1,89.1,0.0015431234597008611,0.012462858750000002,1.28227219484939,0.027894093347008615
190.0,95.7,0.0013451753295788652,0.011314256250000002,1.2728916792364564,0.024766009545788652
199.1,87.8,0.0016921041900628344,0.01060591,1.263974447381007,0.027526951900628347
169.9,79.6,0.001177439009148408,0.0107203175,1.2570223897778645,0.02249470759148408
161.8,93.9,0.0012149730673289988,0.01071888375,1.2494746351199466,0.02286861442328999
203.0,57.9,0.001976583832670592,0.007099826250000001,1.2462142076872482,0.026865664576705927
185.5,102.3,0.0011996571857762449,0.01416832875,1.2386792817750973,0.026164900607762446
172.5,97.0,0.0010750022566698655,0.0121708625,1.2316458070268819,0.022920885066698655
191.9,84.9,0.001540682896903502,0.008412266250000001,1.2260911137880541,0.02381909521903502
205.9,92.3,0.0016320643319944696,0.011144698750000001,1.2198630262403898,0.027465342069944696
211.2,95.1,0.0016694789087958021,0.011580356250000002,1.2139041487873108,0.02827514533795802
218.6,101.6,0.0017207336858715342,0.013494655000000003,1.2083598083538878,0.03070199185871534
247.8,90.6,0.0022463728524168614,0.01189662,1.2033621676794921,0.034360348524168624
236.2,105.6,0.001954676140014381,0.015396930000000003,1.1980861792015167,0.03494369140014381
250.4,83.0,0.002407691843855115,0.011622700000000001,1.1937726736064183,0.03569961843855115
270.9,102.4,0.002430371837932873,0.013785200000000001,1.1892814304453263,0.038088918379328734
224.8,101.6,0.001793227268402418,0.013457912500000002,1.1849067429911462,0.031390185184024186
209.6,89.2,0.0017424134578647547,0.012255155,1.181046103208526,0.02967928957864755
183.6,97.0,0.001266554261585802,0.01251314,1.1772014495140768,0.025178682615858025
175.4,77.8,0.0015026517923691723,0.00967181,1.1738471131488815,0.024698327923691723
189.4,75.7,0.0016573587956945032,0.009881378750000001,1.1705785958511954,0.02645496670694503
183.5,93.5,0.0014056649182757328,0.013597558750000002,1.1669483191326342,0.02765420793275733
192.2,76.7,0.0016434969074760268,0.010285678749999999,1.163956522338843,0.026720647824760267
212.4,97.3,0.0016552980121859614,0.01198467125,1.1606426223583584,0.028537651371859613
217.8,94.4,0.0017802623323915899,0.010756705000000002,1.1575929139998866,0.0285593283239159
221.6,91.0,0.001896245594405474,0.010711700000000001,1.1548453070486677,0.029674155944054745
219.9,98.1,0.0017291720764894196,0.012488156250000002,1.152003442426314,0.0297798770148942
189.0,99.6,0.0013239533768008359,0.01305417,1.1492436562556752,0.02629370376800836
187.6,82.0,0.0015484278858867362,0.0088154225,1.1470702141196696,0.024299701358867366
172.8,86.1,0.0012870793696576608,0.01034541375,1.1445890879261507,0.023216207446576608
193.1,74.3,0.0017459284356129909,0.00869864875,1.1423387443796087,0.02615793310612991
208.8,81.8,0.001828594957232295,0.0092547025,1.1405989409782453,0.027540652072322952
227.5,88.6,0.002024935017546994,0.010170897500000001,1.138333157618914,0.030420247675469938
209.7,96.8,0.0016744194302390782,0.0122731675,1.1361123556108026,0.029017361802390784
240.9,77.1,0.0023752268799923358,0.00963689625,1.1342985428878798,0.033389165049923356
273.6,94.6,0.002601429869670316,0.013484052500000001,1.1324809089888572,0.03949835119670316
259.8,108.0,0.0021851047251004235,0.01621461,1.1301232575052091,0.038065657251004234
237.9,95.1,0.0020639070158692584,0.013738496250000001,1.1281039355694433,0.034377566408692585
224.2,101.2,0.0018022279334049041,0.0135553325,1.1261266818456175,0.031577611834049044
234.9,88.6,0.002142484673348364,0.011780045,1.1243358036672915,0.03320489173348365
229.0,101.0,0.0018221870525959708,0.013847837500000001,1.1225934919007656,0.03206970802595971
212.6,94.7,0.0017381378673653719,0.013836103750000004,1.1207483019608784,0.031217482423653724
199.4,85.9,0.0016543158845732345,0.011224073750000002,1.1194064951305522,0.027767232595732345
217.9,86.3,0.002001475031678391,0.010866823749999999,1.1177078746008609,0.030881574066783914
232.9,79.5,0.0022178286425846494,0.010563018750000002,1.1164794332200825,0.0327413051758465
247.6,92.0,0.002268509391356475,0.01265956,1.114828473183819,0.035344653913564755
248.4,93.7,0.002333792027379644,0.01313958875,1.1135597274438755,0.03647750902379644
259.3,92.5,0.0024641375388350793,0.01282612625,1.1121106811133745,0.03746750163835079
231.9,94.8,0.0020481456822579866,0.0135016425,1.1109002325467823,0.03398309932257987
240.4,87.5,0.0021362420677826064,0.01090990375,1.1095832395412155,0.032272324427826064
234.0,95.0,0.002105790073955686,0.011228980000000001,1.108256541291055,0.03228688073955686
233.4,91.5,0.002047461752619493,0.01233615375,1.1070147064454163,0.03281077127619493
207.8,97.0,0.0016200033815287958,0.013987092500000003,1.105796712591228,0.030187126315287957
227.7,83.4,0.002073845744219304,0.0116145225,1.1046399723083469,0.03235297994219304
237.5,104.3,0.0019193262481471073,0.01510585375,1.1032018088214164,0.034299116231471076
212.9,100.8,0.001673412566773513,0.013731172500000003,1.1018913770888559,0.03046529816773513
230.1,72.6,0.002240205546990712,0.00996609,1.1009380610964663,0.03236814546990712
198.4,103.2,0.0014810020187524362,0.0142716375,1.0996251835577904,0.029081657687524364
197.6,80.6,0.0016584166656977949,0.008606965000000001,1.0985980241140623,0.025191131656977953
209.2,90.9,0.001708402491948634,0.01110591375,1.0974499874046821,0.028189938669486346
193.7,82.3,0.0016354947911968822,0.011392313750000002,1.096443336800789,0.027747261661968822
216.3,90.9,0.0018097952829325566,0.012346256250000002,1.0953752868524593,0.03044420907932557
226.0,94.4,0.0018736215922839812,0.010817335,1.0943653817545602,0.02955355092283981
204.5,95.4,0.0015472189252286471,0.011644890000000001,1.0933584656303128,0.027117079252286475
230.4,94.8,0.0019374780969404174,0.011329132500000002,1.0924168653449655,0.030703913469404175
235.6,98.5,0.0019530383430683782,0.012239446250000003,1.0913900619712775,0.03176982968068379
200.5,92.8,0.0015854106313079644,0.010555520000000002,1.090472753647129,0.026409626313079648
221.7,93.2,0.00186921567490641,0.013397567500000002,1.0894874137916644,0.032089724249064096
252.8,95.2,0.0022608222125573675,0.011494602500000001,1.088573472405454,0.03410282462557367
239.3,98.8,0.0020342658312079804,0.012565925,1.0876120139297012,0.03290858331207981
207.4,98.3,0.0016255409661984465,0.01239070375,1.0866886694868876,0.028646113411984468
233.8,87.4,0.0021211789370535927,0.01062911,1.0858720900250562,0.03184089937053593
207.9,94.5,0.001627371546330576,0.011655701250000003,1.0850074412740425,0.02792941671330576
226.8,97.8,0.001926831579653918,0.012041490000000002,1.0841378945649847,0.031309805796539185
230.8,79.6,0.0021759254186334877,0.011181590000000002,1.083423105296835,0.032940844186334875
225.6,94.5,0.0019576226765930524,0.01192477875,1.082578852896162,0.03150100551593053
234.4,80.8,0.002195141881405804,0.010798767500000002,1.08185681659776,0.032750186314058044
231.0,100.7,0.001924423986458135,0.013474453750000004,1.0810390068974753,0.03271869361458135
219.2,85.3,0.001928480292382947,0.01020331625,1.0803528017526918,0.02948811917382947
198.1,94.9,0.0015150558535749162,0.01358440625,1.0795652979767845,0.028734964785749165
220.0,68.3,0.0021710359666829823,0.00823406875,1.0789952933914622,0.029944428416829823
240.9,101.6,0.001999754542900688,0.0139906,1.0782231443500834,0.033988145429006876
225.3,96.2,0.0018951711991713176,0.011520745000000002,1.0775167226537763,0.03047245699171318
245.4,85.7,0.0022748623332408263,0.010159656250000001,1.0768959364068447,0.03290827958240826
234.4,102.3,0.0019166644895398384,0.01433772375,1.0761296591707,0.03350436864539839
211.1,94.4,0.001716922900521196,0.013422745000000003,1.0754211602394799,0.030591974005211957
202.6,85.5,0.0016694161930019622,0.01056164625,1.0748022400197315,0.027255808180019624
204.6,96.9,0.0015450306743107069,0.01174783875,1.0741511549832463,0.02719814549310707
177.3,102.0,0.0011502605949586819,0.013523655,1.0734645450920577,0.02502626094958682
215.9,76.2,0.0020013320361988223,0.0093338775,1.0728815318086156,0.029347197861988226
215.1,97.3,0.0016851386224745889,0.01248892625,1.072223291310983,0.02934031247474589
196.9,98.6,0.0014076837616341575,0.012596560000000001,1.0715803172302139,0.026673397616341576
190.2,98.2,0.0013622850260759816,0.012015102500000003,1.0709791258681471,0.025637952760759822
192.6,84.4,0.0015544640495613225,0.009799895,1.0704621218315806,0.025344535495613225
182.8,91.6,0.0013116541318225236,0.009926877500000002,1.0699120505240411,0.023043418818225237
163.5,90.8,0.0010389095608191062,0.010175050000000001,1.0693692809820865,0.020564145608191062
152.9,82.7,0.0010371176039860343,0.008172673750000001,1.068865971155594,0.018543849789860345
163.1,88.9,0.001119862336074902,0.011711948750000003,1.068360652216557,0.022910572110749015
152.5,72.7,0.0011750969819371785,0.00823047875,1.0679721659287016,0.019981448569371788
182.8,60.2,0.0017852868843628838,0.007316410000000001,1.0676112413625831,0.025169278843628844
193.8,86.6,0.0016037426986114777,0.010528885,1.0671093624412318,0.026566311986114782
184.2,90.4,0.001341195638084603,0.011853162500000002,1.0665935261936872,0.02526511888084603
189.6,86.4,0.0015704432043485892,0.010513530000000002,1.0660998807587094,0.026217962043485896
190.7,88.0,0.0014908474848283322,0.011047782500000002,1.065625434438995,0.025956257348283322
183.9,94.7,0.0013514541393639644,0.010965576250000001,1.0651359627111623,0.024480117643639644
177.6,86.8,0.0012090156877597393,0.010717115,1.0646968673118236,0.02280727187759739
179.2,89.9,0.001332085994066423,0.009777411250000001,1.0642120103226471,0.02309827119066423
192.2,79.0,0.0016984024965259613,0.009086480000000001,1.0637499744478598,0.026070504965259613
233.9,85.3,0.0021477152674588616,0.01279145375,1.063302945116831,0.03426860642458862
219.9,94.1,0.0019209284904211585,0.01341983125,1.0628055817889295,0.03262911615421159
231.7,87.7,0.001982119086106876,0.010634393750000002,1.0623571311790045,0.030455584611068762
213.1,99.7,0.001618261692280343,0.01308392375,1.0618814215354253,0.02926654067280343
211.5,98.8,0.0016249934592749437,0.01239536,1.0614171967701598,0.02864529459274944
212.0,95.4,0.0017046147982120482,0.0116751375,1.060974208416361,0.02872128548212049
204.8,85.4,0.001759820189868267,0.010040005000000001,1.0605766595881483,0.027638206898682672
223.0,93.6,0.0018878075772079273,0.012974085,1.0602020432903223,0.03185216077207927
204.1,88.2,0.0016714330833238478,0.011176695,1.0597858236086313,0.027891025833238478
203.0,95.5,0.0015956266606311851,0.01142991875,1.0593684208378273,0.027386185356311855
223.8,82.6,0.0020368277587465185,0.011626707500000001,1.0590342461411122,0.03199498508746519
240.6,100.8,0.002005031684860906,0.013630124999999998,1.0585789603275668,0.03368044184860906
213.4,98.3,0.0016564285632425795,0.012477253750000002,1.0581759564830802,0.029041539382425798
170.2,101.7,0.0009948067774175951,0.013362648750000001,1.0577490070368882,0.023310716524175955
177.0,72.0,0.001522607420009313,0.0060789300000000015,1.0574626865162515,0.02130500420009313
180.7,91.7,0.0012872560331053545,0.01046787625,1.0570837313207004,0.023340436581053545
169.5,84.4,0.0012265915936565965,0.009612965000000001,1.0567676274160918,0.021878880936565964
168.6,88.7,0.0011507802555608434,0.009751086250000002,1.0564015113466299,0.021258888805608434
171.7,90.1,0.001341445430729044,0.00970012625,1.0560571241018324,0.023114580557290442
171.6,78.0,0.0014106926953928545,0.009321217500000003,1.0557218491033342,0.023428144453928545
175.3,84.2,0.001364323567026853,0.009789595000000002,1.0554480962290518,0.02343283067026853
185.4,85.4,0.0014328720385990573,0.010320707500000002,1.0551197557029899,0.02464942788599057
148.0,97.0,0.0007388711865512805,0.012576260000000002,1.0547430982893158,0.01996497186551281
175.6,84.2,0.0013159853168306062,0.0080535025,1.0544380656770127,0.021213355668306063
172.3,95.3,0.001231711128541537,0.01200352375,1.0540818036056918,0.02432063503541537
189.2,72.2,0.0016904560966560455,0.008489657500000001,1.0538488226185163,0.025394218466560453
201.3,85.0,0.0016773173610638143,0.0102842075,1.0535361899924385,0.027057381110638143
163.7,97.7,0.0009878588346257555,0.01239773875,1.0532070658763042,0.022276327096257556
180.0,73.7,0.001475544717478858,0.00877650625,1.0529727030526521,0.023531953424788584
163.0,90.2,0.0010778647401056322,0.0097106125,1.0526526457802232,0.020489259901056323
168.2,81.9,0.0012883883083795573,0.009064098750000003,1.0523944837788528,0.021947981833795576
171.5,83.6,0.0012697618643371408,0.0097012075,1.0520850008821814,0.02239882614337141
175.3,84.9,0.0013629865711313675,0.00814541625,1.0517910452060604,0.021775281961313675
154.0,86.0,0.0010055161082369213,0.0104582725,1.051516320731639,0.020513433582369213
183.5,57.9,0.0018812656640424107,0.00594604125,1.0512855597729724,0.024758697890424106
192.0,82.5,0.0014928678792410896,0.01143136125,1.05102439260159,0.0263600400424109
179.2,92.7,0.0012542527766841304,0.01069344375,1.050742955134291,0.023235971516841307
187.4,92.4,0.0013737855983763036,0.0106036425,1.050451890689057,0.024341498483763033
175.8,91.0,0.001288261068455755,0.011871350000000001,1.0501790361230277,0.024753960684557548
179.7,74.9,0.0015058021261701632,0.00899991625,1.0499471962792524,0.024057937511701634
205.2,91.1,0.001651663648263902,0.010363701250000003,1.0496780886273571,0.02688033773263902
206.6,94.2,0.0016167460340967734,0.011359515,1.0493934938034926,0.027526975340967732
185.7,94.1,0.0014204518113779547,0.01083731125,1.0491098555879483,0.02504182936377955
187.9,80.6,0.0015652499281974114,0.010551602500000002,1.0488511489025614,0.026204101781974118
193.6,84.7,0.0016814167760538397,0.009886261250000002,1.0486318667038432,0.026700429010538398
201.2,78.9,0.0017997991066187873,0.010300653750000001,1.0483794488591796,0.02829864481618788
184.2,84.4,0.001562607344500068,0.009607227500000001,1.0481633874899687,0.02523330094500068
220.6,73.9,0.002125772801741606,0.00803879375,1.0479280495617183,0.029296521767416067
209.8,95.9,0.0016351996752334307,0.01178768875,1.047661779090507,0.02813968550233431
209.7,96.6,0.001650876554248506,0.011985495,1.0473979209972781,0.028494260542485057
223.9,87.2,0.0019857047203665342,0.010788985000000001,1.0471463056116947,0.03064603220366534
232.9,94.0,0.0020756588665984703,0.011181350000000001,1.0468953057005281,0.031937938665984704
246.5,95.0,0.0021719589922650764,0.013528457500000002,1.0466297315169097,0.035248047422650766
228.6,101.1,0.0018565923249974144,0.013217913750000001,1.0463610836616684,0.03178383699997414
226.5,80.9,0.0021109296746626397,0.01065395125,1.0461169227454705,0.0317632479966264
223.3,98.1,0.0018197216868729251,0.012800351250000003,1.0458563049625347,0.030997568118729252
209.8,85.4,0.001796168750270697,0.009822182500000002,1.0456445213923065,0.02778387000270697
174.9,89.0,0.0012537393681955648,0.0115885225,1.045440815830793,0.02412591618195565
172.9,73.3,0.0013682879479185994,0.008285918750000001,1.0452631330922688,0.021968798229185998
166.8,96.8,0.0010818066690834241,0.011640062500000001,1.045013584233842,0.022458129190834245
174.3,79.9,0.0013551018783719048,0.010577093749999999,1.0448295698891124,0.024128112533719052
184.1,91.1,0.001422303793208901,0.01010144125,1.0446094806817807,0.024324479182089017
190.2,79.5,0.0015753707306404349,0.009928458750000002,1.0444131679276023,0.02568216605640435
188.8,88.8,0.0015205148460775615,0.011186385,1.0441874058349139,0.026391533460775617
179.3,77.7,0.001499601019899478,0.009659486250000002,1.0440210722430472,0.024655496448994778
205.3,90.9,0.0017055200071737734,0.01209331875,1.0437967965128432,0.02914851882173773
190.0,90.6,0.0013885040814418052,0.011856435000000002,1.0435887545711833,0.02574147581441805
205.3,93.6,0.0015931973332532275,0.011001315000000001,1.0433747306389063,0.02693328833253228
222.3,89.6,0.0018977691211283058,0.0093748525,1.0431615819444775,0.028352543711283054
210.8,103.4,0.001564651438706314,0.0141876775,1.0429248922756282,0.029834191887063134
212.5,94.5,0.0017387166848227616,0.011023001250000001,1.0427087454280062,0.028410168098227613
213.3,89.8,0.001740467448742238,0.011628665,1.0424990816255542,0.02903333948742238
202.4,97.6,0.001600462533130983,0.0121059575,1.0422807294856067,0.02811058283130983
191.5,82.6,0.0015817591251225983,0.009648424999999999,1.042084205135761,0.025466016251225986
161.8,94.4,0.0010653959054942317,0.011181430000000001,1.041891930871419,0.02183538905494232
173.6,73.3,0.0013697963958159373,0.00856253375,1.0417557298470093,0.022260497708159372
189.9,93.6,0.0013990974733346612,0.010565257500000001,1.0415577655982737,0.02455623223334661
192.5,83.0,0.0016250701399792289,0.009773605000000001,1.0413815068205443,0.026024306399792287
211.1,88.1,0.0017807255678306798,0.01124869375,1.041192981704968,0.029055949428306797
228.3,89.8,0.002039710551703862,0.011602415000000001,1.0409941257637931,0.031999520517038624
235.4,93.4,0.0019778559156087777,0.013020815000000002,1.0408171320035426,0.03279937415608778
204.2,101.9,0.0014818221004331586,0.01396664125,1.0406161136615066,0.028784862254331592
191.7,96.0,0.0014014090966551096,0.011390069999999999,1.040428321873468,0.0254041609665511
188.5,88.4,0.0014681528741251032,0.0115949425,1.0402494301031164,0.026276471241251036
194.6,80.1,0.001661568902517761,0.009101508749999999,1.0400699363473376,0.025717197775177607
196.0,98.6,0.001433150269159154,0.012650432500000003,1.0398743076167787,0.02698193519159154
212.6,83.8,0.0018693628015570424,0.009491577500000003,1.0397088065278612,0.028185205515570425
243.3,97.2,0.0020930669189397123,0.011727585000000002,1.0395185356539662,0.03265825418939713
205.4,104.8,0.0014740102526060376,0.014816180000000002,1.0393156408088222,0.029556282526060376
204.0,89.2,0.001694637807977224,0.0112108475,1.0391347462849843,0.02815722557977224
168.8,89.9,0.001157829257080682,0.012176518750000002,1.0389965562241312,0.02375481132080682
189.4,77.7,0.0016022555803291867,0.008124153750000002,1.0388550932324256,0.024146709553291873
172.7,94.1,0.001272201206702738,0.011252953750000001,1.038682911843881,0.023974965817027384
186.3,70.3,0.0017200475112767292,0.009170731250000001,1.038564413300366,0.026371206362767293
214.7,81.7,0.0019229559873885469,0.01082208125,1.0384305776567417,0.03005164112388547
215.8,90.0,0.0017941709535764694,0.0117775575,1.038251061627838,0.029719267035764697
206.9,87.5,0.0017077768275357437,0.01079021125,1.0381166682649732,0.027867979525357446
207.8,85.6,0.0017710875921774182,0.0098240375,1.037954067720582,0.027534913421774183
239.9,80.7,0.0022437795917218824,0.00967476375,1.0378349137664489,0.03211255966721883
226.8,90.7,0.0020887328079410177,0.010690973750000003,1.0376747548834029,0.03157830182941018
205.4,90.9,0.0016150330367655445,0.01165996125,1.037505914130618,0.027810291617655445
211.0,88.5,0.0018308834425906626,0.011428953750000002,1.0373420993299978,0.029737788175906627
223.9,84.5,0.002083723933510629,0.010155351250000002,1.0371872825967643,0.03099259058510629
227.2,92.0,0.0019568162314868125,0.012519587500000002,1.0370342632454228,0.03208774981486812
226.2,100.1,0.001865779951868866,0.01378208125,1.0368712552510102,0.03243988076868866
239.2,88.0,0.002189446942809112,0.011008670000000002,1.03674470727991,0.03290313942809112
234.6,97.8,0.002061161143472639,0.0125892375,1.0365898858080853,0.03320084893472639
227.3,93.6,0.0018611508886618542,0.013129095000000002,1.0364356042107519,0.03174060388661854
236.6,95.8,0.002005967943285302,0.0116728925,1.0362751044020544,0.031732571932853025
233.8,97.8,0.0019535638805724884,0.0125455125,1.0361124018737222,0.03208115130572489
219.1,90.3,0.0018406855561994132,0.009969011250000001,1.0359752775659887,0.02837586681199413
226.4,91.2,0.0020178221197369372,0.0121688325,1.0358178263347255,0.03234705369736938
215.5,78.1,0.0020230705203288795,0.00961356875,1.0357211321391566,0.029844273953288793
199.3,93.6,0.0015850543533117486,0.0118677225,1.0355629643268462,0.027718266033117486
203.8,84.3,0.0017430213984174791,0.009841488749999999,1.0354348449116524,0.02727170273417479
203.1,91.5,0.0016260864729171532,0.01091685375,1.0352995793048216,0.027177718479171532
202.3,93.1,0.0016466439259422224,0.011373458749999999,1.035158908973838,0.027839898009422222
191.5,78.0,0.0016137744016445441,0.009599489999999999,1.0350389876327386,0.025737234016445447
204.4,87.4,0.0016964350466002046,0.0101642225,1.0349058549561145,0.027128572966002046
206.8,92.0,0.0016135198138740585,0.012243887500000002,1.0347633382363264,0.028379085638740583
251.1,83.1,0.002388438884486632,0.00929311875,1.034644389970873,0.033177507594866325
236.1,96.6,0.0020508738987331473,0.01178361,1.0345040171006423,0.03229234898733147
234.8,87.3,0.0020453112066067445,0.011229693750000002,1.0343759059095257,0.03168280581606745
218.3,96.5,0.00177498189385073,0.01194616375,1.0342335410526888,0.029695982688507302
200.3,97.2,0.0015177438515755059,0.0118803225,1.0340887974536863,0.02705776101575506
226.9,76.8,0.002165322699992253,0.0097231875,1.0339701796329681,0.031376414499922525
187.1,101.1,0.0013275481766469948,0.013251648750000001,1.0338222618755564,0.02652713051646995
205.4,66.9,0.0019335441000957582,0.00803221125,1.0337334142213144,0.027367652250957587
163.2,95.5,0.0011096671355739333,0.012000286250000002,1.0335941747376505,0.023096957605739335
170.2,65.2,0.0015928226023376505,0.007676472500000001,1.0335092284431433,0.02360469852337651
173.7,74.9,0.0014353896507988385,0.00957626125,1.0334027071057743,0.02393015775798838
175.3,96.7,0.0012253132921352865,0.01177836875,1.0332744817504012,0.02403150167135287
176.0,75.4,0.0014994997561758538,0.008659722500000001,1.033159508298085,0.02365472006175854
210.0,84.1,0.0018494778062878952,0.00954697625,1.0330520287255343,0.02804175431287895
228.8,91.1,0.001988311330559024,0.012460048750000003,1.0329314117618267,0.03234316205559024
240.6,98.5,0.0020532734463868697,0.012300818750000001,1.0328036888143095,0.032833553213868695
278.9,91.5,0.0027103686811078215,0.01060352625,1.0326867717389485,0.037707213061078215
260.5,103.2,0.0022569167303353632,0.014114152500000001,1.032549045409623,0.03668331980335364
239.5,80.5,0.00230669006405772,0.010391603750000002,1.0324428032953303,0.0334585043905772
232.7,97.3,0.001990550088756604,0.012595748750000002,1.0323238039057798,0.03250124963756604
216.6,91.2,0.0018245232948818704,0.012139357500000003,1.0322087892363456,0.030384590448818707
204.5,96.1,0.001546761732368952,0.01227873875,1.0320928224076924,0.02774635607368952
197.1,83.1,0.0016904179560499899,0.009059463750000002,1.0319942536194977,0.0259636433104999
204.8,88.9,0.0016656597836415248,0.01133008625,1.031873622578791,0.027986684086415248
215.7,92.9,0.001771268270047456,0.01092977125,1.0317613515841857,0.02864245395047456
199.0,96.4,0.0014677370331206896,0.01252847,1.0316343526425895,0.027205840331206897
231.0,77.5,0.002209019973806017,0.008959021250000001,1.0315547982082314,0.03104922098806017
196.9,95.6,0.0015268224870680714,0.011444335000000003,1.0314306678258487,0.026712559870680715
190.4,64.5,0.0018545250538703618,0.007053536250000001,1.0313499454318593,0.02559878678870362
219.2,86.3,0.001913019267118564,0.010294378750000003,1.0312486912386079,0.029424571421185642
234.6,88.8,0.002194531382812051,0.0110660325,1.031138781401644,0.033011346328120514
242.6,85.9,0.002303838896709745,0.012553868749999999,1.0310384321490793,0.03559225771709745
231.8,99.0,0.0019356722644443048,0.012666150000000001,1.0309251012576421,0.03202287264444305
238.1,85.3,0.0022677684093406147,0.00993685625,1.0308260586135665,0.03261454034340615
230.5,95.5,0.0018441899181137512,0.013900388750000001,1.0307138403354565,0.03234228793113751
227.5,97.7,0.0018658151220935504,0.01229504875,1.0306050719383415,0.030953199970935506
211.3,96.7,0.0017320477450892269,0.011701613750000001,1.0304936292670395,0.02902209120089227
217.7,89.9,0.0018109786522278344,0.01173877375,1.0303966412095225,0.029848560272278345
189.1,96.0,0.0013320547757055077,0.012078585000000003,1.030287557600111,0.02539913275705508
173.5,88.3,0.0012676459732653743,0.009464828750000001,1.0301843753724185,0.022141288482653745
181.6,87.5,0.0013532814043262596,0.010917088750000001,1.0300871186723397,0.024449902793262597
178.6,92.5,0.0013158886245742936,0.01057088375,1.0299829031837717,0.023729769995742937
168.1,77.0,0.0013024956414515565,0.0094893625,1.0298964524976584,0.022514318914515562
174.4,87.7,0.0012629811834227657,0.00937209125,1.0297941998137885,0.02200190308422766
200.3,73.2,0.0018855550663569626,0.007942837500000001,1.029714196256013,0.02679838816356963
205.5,88.6,0.0017010956360118204,0.01091729,1.0296158506874944,0.027928246360118203
200.3,91.9,0.0015647869705799518,0.011865001250000003,1.029520695946539,0.02751287095579952
208.0,83.8,0.0017647470047349103,0.009435905000000001,1.0294350724912567,0.0270833750473491
208.1,102.2,0.001642945239638419,0.013869842499999998,1.0293228500882663,0.030299294896384193
226.0,86.6,0.002029574808058537,0.010713115,1.0292282408533864,0.031008863080585373
257.2,89.3,0.0024197713290777315,0.011801586250000001,1.0291346898659963,0.03599929954077732
264.4,102.6,0.0023301092778585933,0.013878262500000002,1.0290275175559631,0.037179355278585936
246.3,101.5,0.0020672789078261793,0.013751746250000002,1.028922916094251,0.0344245353282618
248.6,96.7,0.0022136362874979826,0.012435391250000002,1.028822799723505,0.034571754124979835
226.0,87.8,0.001990414331470543,0.013373575000000002,1.0287321591576117,0.03327771831470543
241.0,96.1,0.0020996087240905733,0.01190639375,1.0286378051359615,0.03290248099090573
231.1,103.8,0.0018503667946126133,0.014473792499999999,1.0285363927176623,0.032977460446126136
243.1,94.0,0.0021477895988399067,0.011120262500000002,1.0284475749615987,0.03259815848839907
229.6,94.2,0.001997776075365487,0.010949017500000002,1.0283524683202963,0.030926778253654877
215.7,91.2,0.0018881626209492175,0.012210502500000001,1.0282759808864224,0.031092128709492173
210.7,89.0,0.0017241130798931249,0.011097535,1.0281914574970465,0.028338665798931247
191.2,92.7,0.0014385475655155594,0.01096174125,1.0280981177372326,0.0253472169051556
164.8,86.9,0.001160571958160305,0.010331076250000001,1.028010990810723,0.02193679583160306
198.6,69.4,0.0019060959371569562,0.007168917500000001,1.0279425861299467,0.026229876871569566
203.2,88.1,0.0016426200228365814,0.011084031250000001,1.0278532929174133,0.027510231478365815
211.8,93.0,0.0017141180753323492,0.011157847500000002,1.0277666674256158,0.028299028253323495
192.9,98.0,0.0013654835702561442,0.012002170000000001,1.0276714670519411,0.025657005702561443
194.1,92.2,0.0014678309053039358,0.011012150000000002,1.0275840274429409,0.025690459053039356
186.2,93.5,0.0013883749405447236,0.010856878750000002,1.027494469463762,0.024740628155447232
217.0,77.7,0.0020085810219259616,0.00945499875,1.0274161544935825,0.02954080896925962
227.3,103.0,0.0017779968094394528,0.014055897500000001,1.0273212553572564,0.03183586559439453
216.4,102.2,0.0016454695980030632,0.013736942500000002,1.027229278656916,0.030191638480030637
206.9,88.3,0.0017819270995427165,0.00896080625,1.0271479626191138,0.026780077245427164
230.6,78.7,0.002180122639810835,0.01001691875,1.0270795558847454,0.03181814514810835
233.0,100.1,0.0019318910317583746,0.012943108750000001,1.0269907308025568,0.03226201906758375
217.1,98.7,0.0017466505036297004,0.013019028750000003,1.026900572879272,0.03048553378629701
224.2,88.8,0.0019103825612997235,0.011272012500000001,1.0268206415904444,0.030375838112997235
226.3,94.0,0.001898398680788424,0.013049750000000002,1.0267369874590007,0.032033736807884246
231.1,85.0,0.0021208917080712923,0.012699627500000001,1.0266510608971289,0.03390854458071293
231.7,93.4,0.0018884288087370558,0.012845375000000001,1.026571630627145,0.03172966308737056
200.1,89.5,0.0016369421133875285,0.01165798625,1.0264878105978956,0.02802740738387529
201.0,87.7,0.0016372039716787753,0.011524036250000001,1.0264108430649324,0.02789607596678775
186.0,97.9,0.0012751590194003243,0.01232901875,1.0263247428473485,0.02508060894400324
172.9,80.1,0.0013910203394691457,0.008681478750000002,1.0262516351944748,0.02259168214469146
187.4,86.0,0.0013779384341234204,0.0103285975,1.0261763791063687,0.024107981841234208
196.3,87.5,0.001554334552035748,0.00968576875,1.0260975033647817,0.02522911427035748
203.9,91.9,0.0016092845650409332,0.01094049125,1.0260210917552979,0.027033336900409335
217.0,95.4,0.0017802418730772519,0.01139328,1.025938495812214,0.029195698730772518
231.3,95.4,0.0019417208841661163,0.0112118625,1.0258614375538626,0.030629071341661165
195.8,99.4,0.0013956446908409599,0.0126727325,1.0257784306876405,0.0266291794084096
221.1,83.8,0.001982922225554475,0.0095943725,1.0257063113394342,0.02942359475554475
224.7,96.4,0.0018675550411766187,0.011567030000000002,1.0256300593391794,0.03024258041176619
223.6,88.7,0.0019511238115735492,0.01154986375,1.0255540294386878,0.031061101865735484
222.0,96.5,0.0018391178903654558,0.01192904875,1.025477241640081,0.030320227653654556
235.7,87.6,0.0021498483031674965,0.011221972500000002,1.0254047900309717,0.03272045553167496
241.0,88.5,0.0021878135789140363,0.011054396250000001,1.0253309125345194,0.032932532039140365
234.1,97.8,0.001959279182056693,0.0120131625,1.025252291045926,0.03160595432056693
234.2,101.9,0.0019439116536352167,0.01431519625,1.0251668314238023,0.03375431278635217
220.4,97.4,0.0017925577408716554,0.012333580000000002,1.0250935005509354,0.030259157408716552
220.1,95.4,0.0017941795048744707,0.011201332500000001,1.0250190671358606,0.02914312754874471
179.4,95.3,0.0012386060414059101,0.012028506250000001,1.024946276852423,0.024414566664059105
188.0,79.7,0.001609695248224631,0.010518171250000001,1.02488609473698,0.02661512373224631
184.2,91.0,0.0014000986395370954,0.0118754675,1.0248136438280386,0.025876453895370948
175.2,80.0,0.0014132639396976694,0.008458097500000001,1.024751631240162,0.022590736896976694
172.4,85.1,0.0013585019387389035,0.00959734375,1.02469559667046,0.02318236313738904
164.8,82.6,0.0012481400398751139,0.0093569375,1.024631678907534,0.021838337898751142
162.7,76.1,0.0013312333312189065,0.00887694625,1.0245721324987371,0.022189279562189065
170.2,64.3,0.001466823285898765,0.007474103750000001,1.0245251930614743,0.02214233660898765
168.2,87.8,0.0012192863800780814,0.0112878925,1.024460257791233,0.023480756300780815
147.7,69.4,0.0011357739430719865,0.009034835000000001,1.024416257711414,0.020392574430719866
160.0,69.9,0.0014082172835505854,0.007696068750000002,1.0243705373512193,0.021778241585505856
172.2,70.7,0.0014160916886104178,0.00920444875,1.0243219591763606,0.023365365636104175
180.6,91.3,0.001352152919167423,0.01035735875,1.0242544751072717,0.023878887941674233
170.3,88.1,0.0011969853382751187,0.010850976250000002,1.024194418382462,0.022820829632751186
167.4,90.2,0.001293719853281769,0.010295965,1.0241257442355454,0.023233163532817687
198.8,74.7,0.0017790980755386988,0.008716533750000002,1.0240696587772944,0.026507514505386985
217.9,97.1,0.0017332582746642194,0.01159012375,1.0239987747241222,0.028922706496642202
204.4,101.6,0.0016038517312204161,0.013651495,1.0239252858621497,0.029690012312204164
222.3,85.9,0.002013342567013421,0.01069434125,1.0238583777202361,0.030827766920134208
227.7,94.1,0.0019464508584188887,0.013211301250000002,1.0237877523572945,0.0326758098341889
205.5,99.5,0.0015702909604403598,0.012871401250000001,1.023718058926906,0.028574310854403602
254.5,78.3,0.002558153202790044,0.009947141250000001,1.023661028917329,0.03552867327790044
247.0,102.9,0.002099102923889558,0.01419881625,1.0235884139376428,0.03518984548889558
249.5,91.4,0.0022122607674505248,0.01253971,1.0235201049233946,0.03466231767450525
270.9,96.4,0.002534650326236753,0.01211987,1.0234525871035782,0.037466373262367535
265.5,100.4,0.0024192322082194125,0.014232490000000004,1.0233823910688353,0.03842481208219412
272.0,89.4,0.002590554403035882,0.012395055000000002,1.0233193042251594,0.038300599030358824
273.3,92.5,0.00262994588381422,0.011695643750000002,1.0232527224952612,0.0379951025881422
267.4,101.3,0.002462930759494088,0.01453720375,1.0231842372563316,0.03916651134494088
271.4,91.6,0.00257954827321856,0.012625617500000002,1.023120200917618,0.0384211002321856
280.6,93.0,0.0026779899644633074,0.0113472975,1.0230593508927672,0.03812719714463308
271.8,101.2,0.002467714558923838,0.013467635000000002,1.0229933954507282,0.03814478058923838
255.4,102.2,0.0022153895160961085,0.013800490000000004,1.0229278500583767,0.03595438516096109
259.1,96.2,0.0023390930431270206,0.01176481,1.0228630281076887,0.03515574043127021
234.4,96.5,0.0020481689905303044,0.01211405125,1.0227991197362625,0.032595741155303046
233.2,92.4,0.002046699647978687,0.013316512499999999,1.022739915975558,0.03378350897978687
219.9,95.7,0.0017886077554316693,0.012627626250000001,1.022680657006672,0.030513703804316693
233.4,91.0,0.0020486782893514733,0.009933560000000001,1.0226239070904517,0.030420342893514737
228.8,101.8,0.0019190199230774956,0.0134040875,1.022559004589198,0.032594286730774955
220.8,94.2,0.001835776596077769,0.013401825000000001,1.0224997675310907,0.03175959096077769
209.9,88.4,0.001754201476725095,0.010991995000000001,1.0224427047318227,0.028534009767250953
177.8,94.9,0.0011986521469389215,0.011139901250000002,1.0223847162347095,0.02312642271938922
146.1,86.5,0.000885637030734937,0.008548906250000002,1.022330368771803,0.017405276557349376
134.4,84.0,0.0008480159594153431,0.00982329,1.0222801594102984,0.018303449594153434
139.1,59.4,0.001132613795206503,0.006233805000000002,1.022245391395465,0.01755994295206503
164.8,78.7,0.0013521514605067723,0.00795413375,1.0221949310107228,0.021475648355067725
181.0,79.2,0.0015043241255243945,0.010915740000000002,1.0221561924919893,0.025958981255243947
201.6,71.5,0.0018751408894940192,0.00940230125,1.022105534147999,0.028153710144940194
183.7,86.6,0.0014018856768674317,0.010747645000000002,1.022057463721406,0.024766501768674322
187.5,93.5,0.0013607749805233235,0.010413366250000002,1.0220013636360166,0.02402111605523324
193.1,77.7,0.001699487320819474,0.00945340875,1.0219568303596043,0.026448281958194743
177.1,86.2,0.0013411007877548373,0.010294655000000002,1.0219014812640843,0.023705662877548373
180.9,84.8,0.0013801423679016699,0.008846755,1.0218527613075579,0.022648178679016702
188.9,89.2,0.0014581996317171732,0.01057583,1.021797672328138,0.025157826317171735
191.2,85.9,0.001532450081746042,0.01010061125,1.0217452824148867,0.02542511206746042
194.4,87.9,0.0015490416392425108,0.011011661250000002,1.021689637901311,0.02650207764242511
197.5,82.1,0.0016537801808932742,0.009153396250000001,1.0216423848024672,0.02569119805893274
187.1,96.3,0.001296464005099914,0.011442738750000002,1.0215870356826524,0.02440737880099914
161.4,96.7,0.0009729468168946313,0.011934953750000001,1.0215316906907586,0.021664421918946315
213.6,78.5,0.0019527833623812995,0.007960348750000002,1.0214913158353003,0.027488182373812994
192.1,99.6,0.0013970845395836103,0.012743850000000001,1.0214336044169676,0.026714695395836104
203.5,84.4,0.0017999064286049146,0.010315595,1.0213864348136321,0.028314659286049145
195.8,88.8,0.0017128832109027461,0.0109745625,1.0213331064265094,0.02810339460902746
192.9,76.9,0.0017114623948507556,0.009154088750000003,1.0212907907389313,0.026268712698507557
211.2,90.8,0.0017320211294050533,0.012120272500000001,1.0212360164932157,0.02944048379405053
208.3,96.2,0.0016008648452658335,0.011387252500000002,1.0211814863169844,0.027395900952658335
193.8,93.1,0.0014938024870125668,0.010836466250000001,1.021129579762748,0.02577449112012567
194.4,86.0,0.0015570659900755214,0.010445245,1.0210789150635946,0.026015904900755216
216.4,83.2,0.0019322096770088028,0.0095689025,1.0210328292722046,0.028890999270088025
181.7,100.1,0.001224649888580522,0.01301660125,1.0209789426024878,0.025263100135805225
185.2,82.9,0.0015513335075219357,0.00905756375,1.0209354987392387,0.02457089882521936
192.7,80.2,0.001633138272090046,0.0104993825,1.0208944302197114,0.026830765220900464
188.8,90.9,0.001431671353717269,0.010956123750000001,1.020845071907006,0.025272837287172695
196.4,86.1,0.0017066746969721567,0.010003421250000002,1.0207962091200649,0.027070168219721573
186.3,82.6,0.0015531566106890531,0.011277845,1.0207474509183094,0.026809411106890533
195.5,89.7,0.0014938414040274613,0.01144371375,1.020698828442848,0.026382127790274615
212.8,90.5,0.0017428373814511549,0.011600683750000002,1.0206510431279745,0.02902905756451155
212.4,90.1,0.0017564331638179054,0.011511706250000002,1.020601010861897,0.029076037888179057
220.4,89.7,0.001878210533592397,0.011752638750000002,1.0205531965821744,0.030534744085923965
191.6,98.2,0.0013488559816156004,0.0122572475,1.020499599000533,0.025745807316156014
187.2,93.4,0.0013456446143523704,0.010348182500000002,1.0204508532849612,0.023804628643523704
203.7,87.1,0.0016748050956931712,0.00970770875,1.020402358191032,0.02645575970693171
210.3,101.8,0.0015608799431868206,0.0137080325,1.020348414584732,0.02931683193186821
212.3,99.1,0.0016458535203347593,0.01266979625,1.0202966937403946,0.029128331453347596
219.9,91.1,0.0018553828259560777,0.01219591375,1.0202466092004632,0.030749742009560776
192.0,99.3,0.0013205015090210993,0.013056491250000002,1.0201948649614236,0.026261506340210995
171.9,91.2,0.0012493373227858355,0.010026525000000003,1.0201465237568093,0.022519898227858357
187.4,72.0,0.0016531730687347993,0.009041625000000001,1.0201049052101816,0.025573355687347993
179.3,98.9,0.0012902263687717282,0.01256585875,1.0200540486626073,0.025468122437717282
196.9,79.6,0.0017466346775298301,0.0102617075,1.0200107235149585,0.027728054275298307
171.9,88.9,0.0012131265757670756,0.01126243625,1.0199642649818617,0.02339370200767076
173.3,81.9,0.0013083241550571262,0.009359478750000002,1.0199249634413512,0.02244272030057126
193.6,91.4,0.0014606826030277259,0.010086512500000002,1.0198821638574866,0.024693338530277262
194.3,87.8,0.001528148694665481,0.009644875,1.0198375805165463,0.02492636194665481
190.7,88.8,0.0014607307402716696,0.009516502500000001,1.0197939627060857,0.024123809902716696
170.6,88.6,0.0011913345583679056,0.009292025,1.0197516664732187,0.021205370583679058
189.8,85.8,0.001478419983632719,0.010256745000000001,1.0197100431593584,0.025040944836327194
186.5,91.3,0.001368949188647317,0.010389241250000002,1.019664334101394,0.024078733136473168
189.4,91.9,0.0014616779004730923,0.00987777125,1.019619539559159,0.024494550254730924
192.2,88.2,0.00148817565371629,0.011059762500000002,1.019578794946557,0.0259415190371629
157.6,86.3,0.001037396856203486,0.00911825875,1.019535466961914,0.019492227312034857
187.3,80.6,0.0015454218313084396,0.0084904975,1.0194946018171394,0.0239447158130844
184.2,96.5,0.001256894160336136,0.011915421250000002,1.019448158725695,0.02448436285336136
190.0,91.4,0.0015040199259403607,0.009903782500000001,1.0194067673455387,0.02494398175940361
197.2,80.5,0.001680404630215698,0.008969408750000001,1.0193662646060047,0.02577345505215698
187.7,100.8,0.0013839568215703872,0.013891455,1.0193201969955394,0.027731023215703872
199.9,79.8,0.001821241919305424,0.010236397500000001,1.0192828675920482,0.028448816693054237
206.0,89.9,0.001691741762724875,0.011698041250000003,1.0192394068985806,0.028615458877248756
230.1,88.5,0.0020565556329579055,0.01096900875,1.0191959872167817,0.03153456507957906
200.2,91.2,0.0016101383936670244,0.01187265,1.0191517961186165,0.027974033936670244
190.9,83.3,0.001553414291211731,0.00979026625,1.0191151636333446,0.025324409162117312
208.5,91.8,0.001681153888231104,0.009994995000000001,1.0190742815742033,0.026806533882311044
220.4,95.0,0.001805641220198572,0.011714560000000002,1.0190317057640936,0.02977097220198572
215.7,98.6,0.0017004456887113203,0.012418735000000002,1.0189887142845921,0.029423191887113204
210.5,89.7,0.0017506215997022587,0.010623993750000001,1.018948479108033,0.02813020974702259
222.0,99.4,0.0018231757825634518,0.012767045,1.0189045666478709,0.030998802825634525
201.8,94.4,0.00152263454625675,0.0131541925,1.018860094441182,0.0283805379625675
205.0,87.0,0.0017199592894249541,0.010834605,1.018819775939333,0.028034197894249543
179.1,103.4,0.0011579063576618487,0.014199505000000001,1.0187728855299434,0.025778568576618487
181.8,79.3,0.0014824430255350677,0.008768033750000001,1.018733882715964,0.02359246400535068
156.8,93.0,0.0009123625928120922,0.010802235,1.018693678443078,0.01992586092812092
146.9,76.2,0.0010382583157708056,0.009070155,1.0186673973170117,0.019452738157708056
169.5,76.2,0.0014367107325547227,0.008050657499999999,1.0186320156120139,0.022417764825547228
157.6,76.0,0.0011073255966503684,0.00887012,1.0186066196826637,0.019943375966503682
162.9,82.2,0.0012193463614640625,0.009396419999999999,1.0185723446294737,0.021589883614640624
177.8,66.1,0.0015379309814245877,0.007498418750000002,1.0185426540286713,0.02287772856424588
173.7,91.6,0.0011983232311909991,0.0099854075,1.0185033576394318,0.02196863981190999
194.6,80.0,0.0016437776942990073,0.0087075325,1.0184727339489246,0.025145309442990073
157.2,90.6,0.0009634639300558779,0.009555600000000003,1.0184345621452993,0.01919023930055878
186.9,76.6,0.0016298764081393445,0.0072770075,1.0184029698272474,0.023575771581393446
212.0,87.8,0.001832637936530452,0.0116873425,1.0183719032810403,0.030013721865304523
192.0,89.5,0.0015222611948409394,0.01138854125,1.0183347419091215,0.026611153198409395
208.7,76.1,0.0018984349250393425,0.008811808750000002,1.0183056202565763,0.027796158000393426
210.9,89.7,0.0017473189269378321,0.01196022375,1.0182693605286715,0.029433413019378327
170.1,91.7,0.001131168627765728,0.012594373750000002,1.018230227535107,0.023906060027657283
168.1,78.8,0.0013374674416305765,0.0098013175,1.0181954151682613,0.02317599191630577
154.9,87.3,0.0010315134734547138,0.011024981250000001,1.0181574185838487,0.02134011598454714
175.9,67.5,0.0016535318405319012,0.00661087125,1.0181278620764678,0.023146189655319012
201.1,81.4,0.001812173352496579,0.0107213675,1.0180910712196414,0.02884310102496579
220.3,78.7,0.0020490949646484375,0.010036178750000001,1.0180627373566282,0.030527128396484377
210.1,100.3,0.001600105959108247,0.013365023750000002,1.0180222008448165,0.02936608334108247
233.1,92.4,0.0020137775808688413,0.010617547500000001,1.0179836683717616,0.030755323308688413
221.7,95.7,0.0018332204290191522,0.01169402625,1.0179465795939773,0.030026230540191524
191.1,99.7,0.0012940143911341403,0.012893176250000003,1.0179062844500306,0.025833320161341402
195.9,87.4,0.0016176942326787303,0.009031535000000002,1.0178722890974892,0.025208477326787306
201.4,83.0,0.0017051527952910914,0.0115568875,1.0178371673117308,0.028608415452910915
196.2,95.5,0.0014332131486165236,0.011770823750000003,1.0178004209089746,0.026102955236165234
203.7,95.3,0.0015773730726965109,0.01135040125,1.0177633448314822,0.027124131976965112
207.7,81.2,0.0018132367320093615,0.0090005875,1.017732313671329,0.02713295482009362
238.3,96.5,0.0020482450096638376,0.011688321250000001,1.017693934290492,0.03217077134663838
222.9,91.2,0.0018959793801652928,0.01112427,1.0176583705193338,0.030084063801652922
205.1,91.0,0.0016507264285012132,0.011958897500000001,1.0176242851708408,0.02846616178501214
215.1,95.7,0.0017450171294197438,0.011774748750000001,1.0175871764001734,0.02922492004419744
198.8,81.9,0.0016945258849279828,0.011155683750000001,1.0175586601475215,0.028100942599279827
215.9,84.3,0.0019642279958468636,0.011467811250000001,1.017524724416186,0.03111009120846864
223.1,88.9,0.001922652599033934,0.014316496250000001,1.0174909219856845,0.03354302224033934
231.2,96.6,0.0019422781073272903,0.012667139999999999,1.0174532384074397,0.0320899210732729
209.7,99.0,0.0015875359228700256,0.0128641425,1.0174154762001764,0.028739501728700257
212.2,87.7,0.0018129335146915167,0.009718988750000001,1.0173810015156843,0.027848323896915165
217.0,95.0,0.0018170344371499652,0.0112871575,1.0173452914137844,0.029457501871499654
192.0,89.6,0.0015723328490880831,0.011733100000000002,1.0173122816666353,0.027456428490880834
228.0,80.5,0.00212320511275418,0.01043847875,1.0172825411112851,0.031670529877541806
208.9,96.6,0.001606197592868911,0.0116611425,1.0172482799767835,0.02772311842868911
207.1,94.5,0.0016803475198232613,0.011625251250000001,1.0172128449657447,0.028428726448232612
212.0,88.3,0.0017847537347512952,0.01116479375,1.0171814176193723,0.029012331097512955
203.1,96.3,0.001551199870862668,0.011959316250000001,1.0171460736867217,0.02747131495862668
222.7,80.5,0.0020703935023921533,0.010568506250000002,1.017122070252269,0.03127244127392153
190.0,98.6,0.0013092014039517625,0.013234690000000002,1.017086344376818,0.026326704039517625
212.8,91.0,0.0017962235284155969,0.010714385000000002,1.0170528948473847,0.028676620284155973
187.0,80.0,0.0014567635001879015,0.0106070875,1.0170231023148453,0.025174722501879018
185.7,89.5,0.0014867796638249498,0.009279803750000001,1.016990852699288,0.024147600388249504
175.4,93.3,0.0011365073794049761,0.01306077375,1.016959432903871,0.024425847544049764
209.1,77.2,0.001883797127248589,0.009482315000000002,1.0169282139873022,0.028320286272485895
184.2,100.9,0.0012231339795699312,0.014952023749999998,1.0168935835809967,0.02718336354569931
182.0,83.4,0.0014205943476269657,0.010017015,1.0168663251220251,0.02422295847626966
205.3,94.0,0.0015938150476334369,0.01163039,1.0168352065154855,0.02756854047633437
207.1,98.4,0.0016247880563355962,0.0125856375,1.016801112325,0.02883351806335596
206.8,88.1,0.0016783183015738705,0.011005963750000002,1.0167693878261939,0.027789146765738706
213.0,91.6,0.0016644241147434377,0.01208591,1.0167352176398716,0.02873015114743438
220.5,95.6,0.001821292533055464,0.01191316,1.0167016322476101,0.03012608533055464
225.0,78.6,0.0020962128876293694,0.00849099,1.0166744493269348,0.029453118876293698
234.9,99.0,0.0020257180461128186,0.0127727325,1.0166411781413855,0.033029912961128186
208.6,87.4,0.0017648011264044133,0.010836110000000001,1.0166091538672415,0.02848412126404413
228.4,94.9,0.0019149518070107198,0.01128008375,1.0165774734923212,0.03042960182010719
227.0,88.9,0.001987334870353542,0.009310816250000003,1.0165473972500787,0.029184164953535416
203.5,95.2,0.001617334775733494,0.011546705,1.0165165039265758,0.027720052757334936
221.5,87.4,0.0019400310413773398,0.011098812500000001,1.016485440288706,0.030499122913773397
207.8,96.7,0.0016049710309814832,0.011467771250000001,1.016452589744285,0.02751748155981483
201.6,90.4,0.0017168675036190854,0.00954959,1.0164228469820065,0.026718265036190857
217.2,68.8,0.0021112708553530724,0.0085776425,1.0163960956111424,0.029690351053530725
215.8,96.5,0.0017677494319366376,0.011358373750000001,1.0163635100273427,0.029035868069366377
202.9,79.4,0.0017546720769929364,0.0100233925,1.016335564984002,0.027570113269929364
177.8,96.1,0.0011761810394692763,0.011713688750000001,1.0163039830283718,0.023475499144692758
183.5,86.5,0.0014558393226517283,0.00942960875,1.0162752030972533,0.023988001976517286
163.4,86.2,0.0011345443326131175,0.010549302500000001,1.016249407398551,0.021894745826131178
169.6,72.2,0.0013410273227536975,0.008187805000000001,1.016226854555564,0.021598078227536975
124.1,86.8,0.0005857866384753549,0.009101382500000001,1.0161993841772976,0.014959248884753553
152.8,63.6,0.001278832931835881,0.005708835000000001,1.0161813118417569,0.01849716431835881
202.5,76.3,0.0019319251119638268,0.009329153750000003,1.016154358496536,0.028648404869638263
197.0,92.9,0.0014291352560074945,0.01282499875,1.0161257604134515,0.027116351310074952
200.9,89.1,0.001619312553751346,0.009552288750000002,1.016096539436986,0.025745414287513466
187.2,96.7,0.0012996216609955484,0.01208491625,1.0160637553043852,0.025081132859955488
163.1,93.6,0.0010529210138229242,0.011006332500000002,1.0160335759357126,0.021535542638229245
185.8,71.0,0.001656099023353347,0.007585675,1.0160076387425498,0.02414666523353347
145.8,98.3,0.0008390037009126432,0.012348988750000001,1.0159770242661659,0.020739025759126433
175.4,63.5,0.0016101549073170122,0.00689754625,1.0159548782875363,0.022999095323170123
185.9,95.1,0.001313414775503524,0.01116366375,1.015925416539699,0.024297811505035242
174.5,84.5,0.001389894653004434,0.009917976249999998,1.0158991485344546,0.023816922780044342
184.9,75.2,0.0015499304276109967,0.009255685000000001,1.0158783360013008,0.02475498927610997
167.4,90.2,0.0011197856625063851,0.009660902500000002,1.0158495951017987,0.020858759125063853
166.1,85.0,0.0011796003598811787,0.0099562025,1.0158258858148828,0.021752206098811788
166.2,79.4,0.0012803980314549698,0.0100963375,1.0157990116879376,0.0229003178145497
185.8,81.4,0.0015044131154886187,0.0092453225,1.0157751489476299,0.02428945365488619
196.7,93.5,0.0014784896197746603,0.01086608125,1.0157470189113063,0.025650977447746606
241.9,83.1,0.002290002705162094,0.00942517125,1.0157216616472584,0.03232519830162094
273.0,101.4,0.0024764369189622898,0.013593037500000002,1.015691767830172,0.0383574066896229
252.8,100.9,0.0021956196936117646,0.013052821250000003,1.0156615304067746,0.035009018186117645
241.5,101.8,0.0020340613576883227,0.013879302500000001,1.0156319928895818,0.03421991607688323
214.0,101.9,0.0016367148090391324,0.01377082375,1.015601043691125,0.030137971840391325
212.5,83.8,0.001856067111164422,0.0093473825,1.0155752710879937,0.02790805361164422
195.8,101.9,0.0013894380234247155,0.014170408750000002,1.0155446743962877,0.028064788984247156
213.0,79.1,0.0019341357029869824,0.010422561250000002,1.015522567512282,0.02976391827986983
189.4,96.9,0.0014056364882472448,0.01249054125,1.015492502475679,0.026546906132472448
178.6,84.1,0.0013077892400012122,0.01052052125,1.0154654357807213,0.023598413650012123
177.8,82.0,0.0014272555760596454,0.009794675000000001,1.0154392749501409,0.02406723076059646
182.1,84.3,0.0014416571652266148,0.010028778749999998,1.0154136823665483,0.02444535040226615
170.6,75.7,0.0013401473409279884,0.008683343750000001,1.0153890951065363,0.022084817159279884
194.0,73.9,0.001642967311879932,0.00930636875,1.0153671151086345,0.025736041868799322
205.5,96.1,0.0015902494324438836,0.011438243750000002,1.0153382022148796,0.027340738074438833
196.1,98.9,0.0014185776850926346,0.012606291250000002,1.0153085803014548,0.026792068100926346
196.1,82.5,0.001701778772354225,0.00907453125,1.0152857733683143,0.026092318973542247
202.0,94.2,0.0015882955823654094,0.013330672500000001,1.015258101855805,0.029213628323654095
224.3,75.2,0.0021044095883300654,0.008788262500000001,1.0152342361654045,0.029832358383300655
220.8,98.2,0.0017696702020748977,0.012455090000000002,1.0152065686060134,0.030151792020748976
222.3,84.0,0.0020122353332176833,0.01045443,1.0151819975337326,0.030576783332176834
184.2,102.3,0.0012362998152178576,0.01393675875,1.0151532337077416,0.026299756902178572
213.1,83.9,0.0018937156926963315,0.00996093625,1.0151285874076181,0.02889809317696332
199.5,90.8,0.0016257779412279746,0.01190818,1.0151033127857425,0.02816595941227975
223.5,78.7,0.0020911959710872216,0.010119638750000002,1.0150781748872775,0.03103159846087222
207.2,89.4,0.0017113430907222935,0.0115337925,1.0150538458439984,0.028647223407222935
193.3,88.9,0.0014729076104975363,0.01160823125,1.015026908091789,0.026337307354975362
201.1,89.4,0.0016379500234350876,0.009345292500000001,1.0150018637983784,0.025724792734350875
187.0,88.6,0.0014116727788339952,0.011422235000000001,1.0149754856608173,0.02553896278833995
173.9,82.8,0.0013140476816766932,0.00997269,1.0149506567281859,0.023113166816766933
181.2,84.7,0.0013536404448224798,0.010605353750000001,1.0149256632575305,0.024141758198224797
191.6,81.0,0.001644185318605263,0.010458067500000001,1.0149005462055654,0.026899920686052636
212.2,78.0,0.001931637221675447,0.009441525000000003,1.0148760430781092,0.02875789721675447
215.3,102.4,0.001608577230096517,0.013863882500000002,1.0148478231325095,0.029949654800965175
223.0,93.5,0.0018830274239351064,0.01067775625,1.0148209099689993,0.029508030489351068
197.4,94.2,0.0014779594705389535,0.0118753575,1.0147957965153063,0.026654952205389538
215.1,96.0,0.0017298022580450108,0.011792587500000002,1.014768886870105,0.029090610080450108
212.9,95.3,0.001722259090851597,0.011528571250000003,1.014743514263052,0.028751162158515968
189.7,88.0,0.001513426376114736,0.011549630000000002,1.0147192548671322,0.026683893761147357
164.8,86.2,0.0012247396069516557,0.01028162,1.014697060307809,0.022529016069516558
181.1,79.6,0.0014842243180574124,0.010217112500000002,1.0146735944659473,0.025059355680574123
167.2,74.7,0.0013153477399274272,0.00851296875,1.0146557359038233,0.021666446149274276
186.9,84.1,0.001490461804137684,0.008018656250000002,1.0146330067955387,0.022923274291376836
169.6,92.4,0.001172918356798073,0.010453140000000001,1.0146085099764046,0.022182323567980732
151.7,69.8,0.0010977257281838528,0.00769369,1.0145902317207276,0.018670947281838532
158.4,84.1,0.0012109301900810568,0.009830221249999998,1.01456713813771,0.021939523150810568
158.2,81.3,0.0011069095852144274,0.01082056875,1.0145500809027923,0.021889664602144275
132.4,87.8,0.0006842989021685244,0.009235885000000003,1.0145266396146155,0.016078874021685247
174.4,59.5,0.001662044085405318,0.005455913750000001,1.0145117820013958,0.022076354604053185
150.3,99.0,0.0008126893705599283,0.012407557500000001,1.0144864770732025,0.020534451205599286
175.0,60.7,0.001634651940241132,0.006079883750000001,1.014471652210275,0.02242640315241132
163.0,93.5,0.0010895780553650946,0.01191348625,1.0144464318361712,0.022809266803650953
159.5,76.7,0.001211554584127432,0.010065103750000002,1.0144293617835733,0.022180649591274325
199.8,78.2,0.0017782853768786694,0.008588702500000002,1.0144070011356423,0.0263715562687867
203.5,85.6,0.0017081105252960559,0.010337352499999999,1.01438421959453,0.027418457752960566
186.7,92.8,0.0013479393509360413,0.0117004775,1.01435986182206,0.025179871009360415
180.4,91.5,0.0013575976889607481,0.01005619125,1.0143366872419501,0.02363216813960748
186.7,77.4,0.001591277256940896,0.0092225625,1.0143142161521925,0.025135335069408963
198.5,87.8,0.0016105300476455166,0.0108615175,1.01429183388275,0.02696681797645517
191.8,82.1,0.0016244646566616256,0.00918854875,1.0142696830044908,0.025433195316616256
153.5,87.0,0.0011364352968902872,0.0104668875,1.0142489420299818,0.02183124046890287
225.1,57.1,0.0024397256993953166,0.006637073750000002,1.014233566401486,0.031034330743953165
227.6,102.6,0.001792085278471194,0.013983292500000003,1.014207314565116,0.031904145284711936
196.3,99.6,0.0013964692326995415,0.012675855,1.0141829276245766,0.026640547326995417
192.8,90.8,0.0014972740611050685,0.0097177375,1.0141599884995933,0.024690478111050684
178.8,86.6,0.001318643242418453,0.0103087,1.0141397946644983,0.02349513242418453
164.1,91.9,0.0011259472471666534,0.010387336250000002,1.0141174949533742,0.021646808721666536
178.5,72.6,0.0015638252656817564,0.008513595,1.0140982501602815,0.024151847656817563
170.5,86.3,0.0012864764298771256,0.010509163750000002,1.0140761348237324,0.023373928048771263
205.4,76.3,0.0018646097736023982,0.00941739875,1.0140553784311435,0.028063496486023985
226.1,96.7,0.0018590011717795015,0.011848906250000003,1.0140318825383856,0.030438917967795017
214.4,95.9,0.0017275745546714947,0.011435938750000001,1.0140082430840223,0.028711684296714945
232.0,90.0,0.002052851371945081,0.011654287500000002,1.0139856724818357,0.032182801219450816
195.9,100.2,0.0014732032633886097,0.012804427500000002,1.013961529449605,0.0275364601338861
199.5,73.6,0.0018272745305408732,0.008062370000000001,1.0139448654161356,0.026335115305408736
234.6,95.3,0.002045438103492379,0.011627496250000003,1.0139219660176049,0.03208187728492379
238.0,91.6,0.002113472731208603,0.012316227500000002,1.013898996728344,0.033450954812086035
223.8,95.4,0.0018590378657521358,0.011902830000000001,1.0138764391067234,0.030493208657521358
250.6,89.3,0.0023254138294056077,0.011592943750000003,1.0138576267945087,0.03484708204405608
245.9,101.5,0.0021751579846365143,0.01360332875,1.0138334394335817,0.03535490859636515
228.1,93.4,0.0018522200648390726,0.012820767500000002,1.0138097657670602,0.03134296814839073
208.4,96.5,0.0016630952950709061,0.01217658625,1.0137863860937775,0.02880753920070906
205.2,90.7,0.0016643009328437077,0.01282413125,1.0137642273559146,0.02946714057843708
218.9,86.6,0.0019586071939038507,0.0103479775,1.013742594477925,0.029934049439038508
238.6,93.0,0.002104472280369825,0.01265109,1.0137198613360723,0.03369581280369826
229.9,106.6,0.0017736919001895962,0.0154466075,1.0136949415585301,0.03318352650189597
245.4,95.7,0.002164487309884596,0.011784866250000001,1.0136721877094859,0.03342973934884596
247.5,97.8,0.0021902843440576767,0.012165555,1.0136500378945925,0.03406839844057677
248.9,90.8,0.0023432948909227133,0.010971092500000001,1.0136296888581455,0.034404041409227135
237.6,94.3,0.0020122177384688878,0.013449473750000001,1.013610526949068,0.033571651134688886
220.0,88.1,0.0019244578065395854,0.011055006249999999,1.0135906550692775,0.030299584315395853
223.0,90.3,0.0019637975236730014,0.011853348750000001,1.0135698042892667,0.03149132398673001
238.5,86.8,0.002165601616323292,0.010704627500000001,1.0135507343831478,0.03236064366323292
230.9,97.4,0.0019774092284415893,0.0121435675,1.0135290839708593,0.03191765978441589
239.9,95.8,0.0020750490326362342,0.013753925,1.013508153355553,0.034504415326362343
213.4,97.2,0.00171780432808382,0.0117327225,1.0134866219233225,0.028910765780838205
177.3,91.6,0.0012561044987442658,0.012229745000000002,1.0134670244074002,0.024790789987442656
179.4,83.2,0.0015193081839999503,0.0094728575,1.0134501411257206,0.024665939339999502
197.3,75.9,0.0017569679677365481,0.009356253750000001,1.013434513329345,0.026925933427365482
195.1,86.0,0.001626959974852828,0.00993781,1.013417420223608,0.026207409748528282
183.7,86.6,0.0014018081194101723,0.010736200000000001,1.013396530674179,0.024754281194101724
196.7,83.3,0.001607029467034668,0.009572196250000001,1.0133802967127772,0.02564249092034668
190.8,91.3,0.0014512468530267096,0.010494653750000003,1.0133599189974631,0.0250071222802671
227.9,88.9,0.002062821815318889,0.010637333750000002,1.013341705584299,0.031265551903188894
245.9,87.5,0.0023064088531323085,0.01128815875,1.0133242321438949,0.03435224728132309
270.4,86.1,0.002693642343291508,0.01026297375,1.0133065134523707,0.03719939718291509
266.6,93.0,0.0024853440401991847,0.012977932500000003,1.0132868654341896,0.03783137290199185
282.8,101.1,0.002639773551836912,0.013261376250000002,1.0132645021593178,0.03965911176836913
300.6,94.3,0.0029905396012196465,0.013097101250000001,1.0132444130788838,0.04300249726219647
287.2,105.8,0.0026120809432008227,0.015547577499999998,1.0132220551217406,0.04166838693200823
281.2,102.0,0.002574115151612234,0.014245357500000003,1.0132012336502858,0.03998650901612234
246.6,105.3,0.002049206007374339,0.015056876250000004,1.0131788813405191,0.03554893632374339
266.7,88.5,0.0025962701132679045,0.01211556375,1.0131609901856196,0.03807826488267904
246.1,107.7,0.001980705788189824,0.01593263625,1.0131380253936626,0.03573969413189824
240.4,95.8,0.0020928291444972783,0.0112503575,1.0131179682633213,0.03217864894497278
231.6,99.4,0.001901902631702948,0.013242229999999999,1.013096813580228,0.03226125631702948
253.3,88.8,0.002364657962477968,0.010957342500000002,1.013080063035834,0.03460392212477968
255.2,99.1,0.002241597420021574,0.01317343625,1.0130599410195278,0.035589410450215735
235.4,100.1,0.0019752311656660655,0.013296621250000001,1.0130396671528936,0.03304893290666065
227.0,102.3,0.0017991885349009252,0.01468879875,1.013018462295584,0.032680684099009254
214.7,95.8,0.001790223915472198,0.011603825000000002,1.012998315756698,0.029506064154721977
177.8,89.6,0.0012996942570622134,0.011698337500000001,1.0129790646475771,0.024695280070622133
171.6,79.3,0.00135727321330125,0.009074071250000001,1.0129628469995946,0.022646803383012497
194.7,79.9,0.001685105373358284,0.008911786250000001,1.012945283088197,0.02576283998358284
181.3,83.8,0.0014001778012321584,0.010856847499999999,1.0129272946154053,0.02485862551232159
200.8,75.7,0.001803047927001074,0.00873224375,1.0129122661316063,0.026762723020010745
187.5,100.8,0.0013676242513338587,0.012964282500000002,1.0128911195707662,0.02664052501333859
211.9,84.9,0.001823325860759705,0.009769331250000002,1.0128744829571044,0.02800258985759705
209.1,97.4,0.0016160319449217652,0.012219137500000001,1.0128540713332714,0.028379456949217657
237.2,81.7,0.0022568841305834974,0.009897128750000001,1.012838397085102,0.03246597005583498
215.9,103.8,0.0017190992862238575,0.014974245000000006,1.0128170604438673,0.03216523786223857
253.1,89.4,0.0023616511382187257,0.0114311325,1.0127997095578245,0.03504764388218725
242.7,99.8,0.002065843055958327,0.012745045,1.0127795978388106,0.033403475559583264
248.5,92.4,0.002220446090655636,0.0132817725,1.0127612327387794,0.035486233406556364
223.6,103.2,0.001764919216132154,0.014798295,1.0127397780518126,0.032447487161321543
224.5,80.0,0.002035450474275872,0.010264375000000001,1.0127219150884195,0.03061887974275872
225.7,100.2,0.0018620269179984179,0.01302666,1.0127014342155225,0.031646929179984185
205.4,80.0,0.001687700445836229,0.0103664125,1.0126849662122508,0.027243416958362292
200.0,97.9,0.00146433045255594,0.01247559875,1.0126655500709594,0.0271189032755594
205.9,83.9,0.0017561260985510898,0.01041044875,1.0126486108779802,0.0279717097355109
197.9,92.9,0.0015189570113571516,0.011111016250000001,1.0126299230839044,0.026300586363571517
207.0,100.5,0.0015499388072491816,0.013028913750000004,1.0126105516879245,0.028528301822491817
207.5,98.7,0.0015719480344518148,0.012622421250000002,1.0125914198942514,0.028341901594518153
242.8,99.8,0.002064465339117727,0.013163245000000004,1.0125721766239615,0.033807898391177274
213.8,106.6,0.001546203335005616,0.01560638,1.012551791597089,0.03106841335005616
208.4,78.4,0.0018882338934045994,0.008173812499999999,1.0125379699467105,0.027056151434045998
239.7,88.1,0.002207320201852141,0.010847901250000002,1.012520595048835,0.03292110326852141
243.1,99.1,0.0020683919709010047,0.012654338750000002,1.0125009935165277,0.03333825845901005
229.2,102.8,0.0019130563837920218,0.013811545000000003,1.0124809725014208,0.03294210883792022
232.5,87.7,0.0021009955410401333,0.01106826875,1.0124639675741347,0.032078224160401334
208.2,94.2,0.0017567272785800978,0.013048875000000001,1.012446804658096,0.03061614778580098
218.6,93.5,0.0017392375525443547,0.01275362875,1.0124276778879593,0.03014600427544355
238.3,87.8,0.002203673695342523,0.009433742500000002,1.01241087330696,0.031470479453425224
212.0,99.9,0.001642501923765682,0.013081203750000001,1.0123920266400717,0.029506222987656823
231.6,86.0,0.0021089806955130962,0.010801877500000003,1.0123758204329514,0.031891684455130964
201.4,96.0,0.001532178053470727,0.0117759,1.01235742728185,0.02709768053470727
217.8,82.2,0.0019397202230670239,0.011444092500000001,1.0123414236620825,0.030841294730670238
208.4,99.7,0.0016366695881721322,0.01337171375,1.0123237952330046,0.029738409631721325
207.4,75.6,0.0019146131102128366,0.009456615,1.0123097665444447,0.028602746102128367
245.5,87.2,0.002277946728038392,0.011803682499999999,1.0122958664432498,0.03458314978038392
237.8,96.9,0.002039810753146497,0.011692878750000002,1.0122780166625893,0.032090986281464964
228.8,99.3,0.0019048237122403129,0.01237822125,1.0122597935625062,0.03142645837240313
209.8,94.1,0.0016481356744121687,0.013181983750000001,1.0122421037977376,0.029663340494121688
202.8,88.1,0.0017391439958220102,0.01101467125,1.01222772112949,0.028406111208220106
212.9,91.9,0.0017454991320273408,0.012318556250000001,1.0122101688489917,0.02977354757027341
234.5,95.9,0.001999018356548519,0.01157636875,1.012193407281264,0.03156655231548519
224.7,93.7,0.0018960912629646946,0.011002411250000002,1.0121766762544462,0.029963323879646946
204.8,102.4,0.001476663675738372,0.014259207500000001,1.0121582054981788,0.029025844257383724
185.5,93.9,0.0014119169007371795,0.011509203749999999,1.0121417911930322,0.025628372757371797
216.0,80.1,0.0019588204734055157,0.01063018125,1.0121265325167892,0.030218385984055154
209.4,101.5,0.0016129947669279187,0.013286183750000003,1.0121081561622627,0.02941613141927919
214.7,87.1,0.0018492835547209076,0.011088008750000001,1.01209190521013,0.029580844297209072
232.1,98.8,0.001931373324128687,0.012484385,1.0120749601563732,0.03179811824128687
207.3,98.0,0.0015830973980485742,0.012129902500000001,1.0120575340749027,0.027960876480485744
230.3,93.2,0.0019699984393915836,0.010603195000000003,1.0120414497761225,0.03030317939391583
190.5,100.9,0.001411986168758489,0.013093478750000002,1.0120234964450578,0.02721334043758489
235.0,71.3,0.002350683124079187,0.009403468750000001,1.012009733558583,0.03291029999079187
207.0,102.9,0.0015055109423677316,0.013970846250000002,1.0119914324309787,0.029025955673677318
182.6,89.2,0.0013902191416701013,0.0097868825,1.011975637360133,0.02368907391670102
187.7,83.1,0.001558205087983064,0.00918144375,1.0119597592026253,0.024763494629830643
222.6,86.6,0.0019033173381315278,0.010492097500000002,1.0119450692365155,0.02952527088131528
209.1,96.2,0.001645384501058085,0.011883415,1.011928552253567,0.028337260010580848
178.7,92.9,0.001242865109544137,0.011322696249999998,1.0119121848263979,0.02375134734544137
167.0,84.1,0.0012270468005143027,0.00968092625,1.0118989567534553,0.02195139425514303
198.9,72.9,0.001827767484691211,0.00885760875,1.0118870620044522,0.027135283596912113
193.5,101.3,0.0013302308044000595,0.013449831249999999,1.0118693339494573,0.0267521392940006
207.0,92.2,0.0016501741385151394,0.010836485,1.0118528835491456,0.027338226385151397
217.3,92.5,0.0018488833639850456,0.01080309125,1.011837289530569,0.029291924889850458
221.7,89.5,0.0018830049207405341,0.011549258750000001,1.011820662627806,0.030379307957405347
200.9,102.4,0.001417714456064732,0.01414154,1.011803281659084,0.02831868456064732
243.4,74.7,0.002412536386386453,0.007192488750000001,1.0117917792137088,0.03131785261386453
227.8,97.4,0.0018969443492795914,0.012002365000000001,1.011775189884395,0.03097180849279592
249.3,91.5,0.0022814396466506893,0.01017717375,1.011760018508386,0.032991570216506894
208.6,101.8,0.0016644625229693718,0.0134486975,1.0117426654162869,0.03009332272969372
239.1,78.8,0.002309632610504452,0.010562342500000002,1.0117294453323777,0.033658668605044524
224.1,98.9,0.0018047197186615044,0.013538788750000003,1.0117125281944304,0.031585985936615046
222.1,97.5,0.0017783377210510386,0.01211006625,1.011696235045493,0.02989344346051039
192.3,87.1,0.0014753715403852785,0.011199743750000001,1.0116812473028387,0.025953459153852783
221.4,83.5,0.0020966784361906065,0.009282563750000002,1.0116678180162715,0.030249348111906063
208.8,90.6,0.0017378005493616025,0.011899395,1.0116516844422483,0.029277400493616025
200.5,95.5,0.001620720465139137,0.014141948750000003,1.011635460570336,0.030349153401391372
200.1,84.7,0.0016638872673988443,0.010753568750000001,1.0116214467249443,0.027392441423988445
173.4,96.8,0.0011832031082670501,0.013428152500000004,1.011604852405522,0.0252601835826705
153.9,79.8,0.0011164410660758795,0.009416227500000002,1.0115923719711692,0.020580638160758797
159.9,75.0,0.0013214519259416198,0.0085351725,1.0115792478907395,0.021749691759416198
176.4,66.6,0.0015032107619475158,0.0077288175,1.0115663430472295,0.022760925119475157
151.8,93.4,0.0009779065396498315,0.010964870000000002,1.0115512961087778,0.020743935396498315
175.8,70.4,0.0015364276074590964,0.007623505,1.0115403983549478,0.022987781074590968
189.9,95.6,0.001392305608399189,0.011852545,1.011524717906798,0.025775601083991892
200.5,81.2,0.0017252185999054187,0.010850365000000002,1.0115126743733902,0.028102550999054187
192.5,95.2,0.001413074272390497,0.011491010000000003,1.0114965242746152,0.02562175272390497
194.4,89.1,0.0015263021925718155,0.00934738125,1.011481516879861,0.024610403175718155
178.9,100.1,0.0011716416660174803,0.01307256625,1.0114656903504902,0.024788982910174805
155.3,88.6,0.0010038570079458433,0.011640192500000002,1.0114504526939683,0.021678762579458433
201.2,71.8,0.001872053484194254,0.007636197500000001,1.0114400857773844,0.02635673234194254
200.4,99.5,0.0014780040772461867,0.01337684875,1.0114240054606944,0.028156889522461873
221.4,85.7,0.0019516110662952592,0.00999975625,1.0114119004895155,0.029515866912952597
237.1,97.5,0.0020201444891380428,0.011737533750000004,1.0113963068387959,0.03193897864138043
218.2,97.5,0.0017451052580405222,0.01206394125,1.0113801553052064,0.029514993830405227
243.9,91.4,0.0021793090738767657,0.0108982,1.0113657344356206,0.032691290738767656
234.6,109.2,0.0017971850887252817,0.017040187500000005,1.0113483412074005,0.03501203838725282
202.0,96.8,0.001528371026294814,0.012126475000000001,1.0113328705820295,0.027410185262948143
233.0,86.2,0.002119194105589381,0.010296890000000003,1.0113181617983358,0.03148883105589381
198.3,102.0,0.0013850418156370037,0.013691085000000002,1.0113018288462792,0.02754150315637004
228.1,92.3,0.0019457625828102163,0.010500583750000002,1.0112864637432712,0.029958209578102163
226.5,99.2,0.0018335164557555929,0.012739832500000001,1.0112708585009562,0.031074997057555932
177.1,102.2,0.001092350705032673,0.014119412500000001,1.0112542927953827,0.025042919550326732
191.9,78.0,0.0016050224509602338,0.007804095,1.0112418779572803,0.023854319509602342
185.4,98.8,0.001248879952365545,0.012699710000000003,1.0112270511695158,0.025188509523655454
168.9,90.2,0.0011304249540655528,0.009697105000000001,1.0112125667941947,0.021001354540655527
145.3,92.7,0.0008863226122887794,0.01067282625,1.0111981940381194,0.019536052372887795
153.3,56.7,0.0013102933984312937,0.00645970125,1.011187926398477,0.01956263523431294
163.4,86.0,0.0011479663142290209,0.011541520000000001,1.0111765399326589,0.023021183142290208
177.8,83.3,0.0014138499575219777,0.00990262375,1.0111635929599252,0.02404112332521978
185.6,81.4,0.001509270190308362,0.0087716675,1.0111514698989506,0.023864369403083622
171.9,99.2,0.0011503203650660313,0.012599784999999999,1.0111365432797392,0.024102988650660316
166.9,78.2,0.001203227123340697,0.0081881725,1.0111256643445792,0.02022044373340697
193.9,82.9,0.00158945365756685,0.00951778625,1.0111122668446586,0.025412322825668503
181.3,87.8,0.0013425528398530926,0.0112078,1.0110985868626197,0.024633328398530926
193.2,92.6,0.0014621084500839774,0.010778477500000001,1.0110842534325681,0.025399562000839777
191.4,92.3,0.0015307427817200761,0.011311926250000002,1.0110696400927937,0.026619354067200764
161.0,81.9,0.0011688742292798354,0.011121131250000001,1.0110560422486903,0.02280987354279836
169.2,82.1,0.001279754222681634,0.009969343750000002,1.0110429413983475,0.02276688597681634
201.1,78.3,0.0017925353425549573,0.009664526250000001,1.0110302035969054,0.027589879675549572
220.3,88.7,0.0019703370883437524,0.011229921250000002,1.0110164247560112,0.030933292133437526
202.3,94.2,0.0015059253140245806,0.01339302,1.0110016531811004,0.028452273140245808
203.7,93.3,0.001648746792027098,0.01137172875,1.0109880120067505,0.027859196670270987
208.4,86.0,0.0017528806507938137,0.010310815000000001,1.0109748323186043,0.027839621507938138
204.9,94.1,0.001590487028314963,0.010730571250000001,1.0109608664282428,0.026635441533149635
213.5,89.3,0.001847450543019236,0.011608693750000001,1.010948827028551,0.03008319918019236
211.9,95.1,0.0016828506977008169,0.013848566250000003,1.010933864059433,0.030677073227008172
251.0,89.8,0.0023309906584881366,0.01095191,1.0109211929051365,0.03426181658488137
212.9,108.8,0.001689931653486739,0.016559582500000003,1.0109055413873704,0.0334588990348674
226.2,81.2,0.0020992014845876645,0.0119260225,1.0108947118254785,0.032918037345876644
211.9,100.9,0.0016658642388363912,0.01340615375,1.0108794878148237,0.03006479613836391
212.1,80.3,0.0019160851747857214,0.010291783750000002,1.0108679250600052,0.029452635497857215
174.6,90.9,0.0014013201438295114,0.012177236250000001,1.0108539835229138,0.026190437688295112
176.7,73.3,0.0014992472713097772,0.010425511250000002,1.010845019254543,0.02541798396309777
195.1,77.5,0.0017035283034731535,0.009928306250000001,1.0108332978165744,0.026963589284731533
232.6,80.0,0.002177105973379497,0.008678822499999999,1.0108210708998038,0.030449882233794974
215.2,101.0,0.0016533678520530865,0.014198485,1.0108059775730918,0.030732163520530865
190.8,88.5,0.0014650365483498914,0.01079899875,1.0107936193689346,0.025449364233498917
188.2,85.8,0.0014173663750937367,0.010055265,1.010780665491089,0.02422892875093737
211.8,84.6,0.00186394243849866,0.00974493,1.0107700538018345,0.028384354384986592
227.1,92.9,0.0019171214355719088,0.012617946250000001,1.010757816803935,0.03178916060571909
228.2,90.1,0.0020062609048565718,0.011697751250000001,1.0107440046037515,0.031760360298565715
196.1,95.4,0.0014450240745928762,0.013613002500000002,1.010731330495634,0.028063243245928765
173.2,90.1,0.0013185024680016165,0.009778051250000001,1.0107185520792792,0.02296307593001616
191.7,68.4,0.0017758582020821034,0.009177255,1.010710118424559,0.026935837020821037
190.9,97.8,0.001365128775260781,0.0121470675,1.0106960040938655,0.025798355252607815
187.6,81.7,0.0015208516821737313,0.009178988750000002,1.0106848645397355,0.02438750557173731
185.2,93.2,0.0013338185609787757,0.010477375,1.010671420691208,0.023815560609787755
193.3,87.4,0.001531583012000054,0.009206180000000001,1.0106587004223937,0.02452201012000054
173.3,91.9,0.0012163701208524845,0.010489238750000001,1.0106455654954543,0.02265293995852485
197.4,80.2,0.0016842607645105021,0.008574395000000002,1.0106333590170933,0.02541700264510502
180.7,93.5,0.0013533172485511395,0.010579971250000002,1.0106203692404025,0.024113143735511395
193.0,69.3,0.0017167742878726737,0.008722796250000001,1.010609859739236,0.025890539128726738
183.9,97.1,0.0012422549393627396,0.01190070625,1.0105959598539977,0.024323255643627396
172.3,95.6,0.001101052274358497,0.0114758875,1.0105823456013698,0.02248641024358497
164.8,92.7,0.001044250051292062,0.01046845125,1.0105694039511102,0.020910951762920627
145.0,76.8,0.0009923020867897215,0.008378265000000001,1.0105587240963034,0.01830128586789722
182.9,78.4,0.0015240411003909378,0.007774310000000001,1.0105478318605225,0.02301472100390938
183.9,98.3,0.0012695057850000858,0.01274266375,1.0105349296261283,0.025437721600000858
200.1,83.4,0.0017075936147120997,0.00991713,1.0105251588665027,0.026993066147120996
208.5,96.1,0.001631768482418207,0.012017821250000001,1.0105121098013758,0.028335506074182074
185.7,94.8,0.001336974929951865,0.01107387,1.010499345055461,0.024443619299518656
189.2,79.9,0.0015958722181725394,0.00918495875,1.0104884205292808,0.025143680931725393
212.5,81.0,0.001808377721584183,0.009055995,1.0104782324059038,0.02713977221584183
233.4,94.3,0.001994888512122611,0.012288676250000002,1.0104656506509433,0.03223756137122612
239.6,89.1,0.00218063344397991,0.01061989875,1.010453107406068,0.0324262331897991
220.9,89.6,0.001932320637980026,0.011340632500000001,1.0104400108781486,0.030663838879800263
220.1,85.1,0.0019714825626345597,0.009755143750000002,1.0104293152724726,0.029469969376345592
206.4,95.6,0.0016002893536274094,0.01127872,1.010416595878477,0.0272816135362741
181.5,94.8,0.0014193257963699105,0.0117491925,1.010404171814475,0.025942450463699106
193.3,63.2,0.0017376043323795616,0.007523080000000001,1.0103959026342777,0.024899123323795617
201.2,92.5,0.0016212519137545837,0.01096480625,1.0103844896358976,0.02717732538754584
218.3,90.1,0.0018529001728034712,0.01183228625,1.0103733746964234,0.030361287978034716
216.2,97.6,0.0017241942712517186,0.0121052,1.0103604261470926,0.029347142712517187
241.0,86.9,0.0022396354639536995,0.01084989625,1.0103486213811224,0.03324625088953699
244.8,95.6,0.0021319650607309103,0.012002717500000001,1.0103361088728842,0.033322368107309104
239.2,95.5,0.0021193440783635977,0.01191170375,1.010323384174602,0.033105144533635986
202.4,91.7,0.001528850670937969,0.012612396250000001,1.0103117107216721,0.027900902959379692
217.0,85.5,0.0019063149827262611,0.010701311250000001,1.010299814816736,0.029764461077262612
228.0,99.6,0.0018673309887569406,0.012686295,1.0102868440862847,0.031359604887569406
196.5,96.1,0.0015034845871714038,0.012265471250000002,1.010273763181083,0.02730031712171404
200.0,72.6,0.001833237174032646,0.00783555,1.010262528070797,0.026167921740326464
159.1,99.5,0.0008670378673452433,0.013767358750000003,1.0102503873444542,0.022437737423452432
185.5,77.4,0.0016404930068833873,0.008101995,1.0102401116454618,0.024506925068833875
179.0,85.8,0.0014643328312048433,0.009838087500000002,1.0102288097150758,0.02448141581204843
209.5,79.4,0.001812410566911443,0.010106687500000001,1.0102184419561744,0.028230793169114428
196.7,93.1,0.0014755087990601138,0.010937746250000002,1.010206064815558,0.025692834240601137
184.3,97.2,0.0012441256134479175,0.011773132500000002,1.0101937947036244,0.024214388634479174
177.1,92.5,0.0012110296063118369,0.010534321250000003,1.0101818363416037,0.02264461731311837
201.3,84.0,0.0016849914645228412,0.0092511825,1.0101705511245715,0.026101097145228413
189.7,96.4,0.0014328621921253285,0.011723180000000001,1.0101578076971887,0.02605180192125328
201.1,88.7,0.0016241133685921463,0.01097726875,1.0101458349506356,0.027218402435921465
188.1,86.8,0.001488249831412461,0.010504827500000001,1.0101345185652026,0.02538732581412461
181.4,81.5,0.001456464894166031,0.00892925875,1.010124474298289,0.02349390769166031
199.2,84.8,0.0016446045881532787,0.0104464225,1.01011302528769,0.026892468381532787
205.6,86.9,0.0017167300126871327,0.01081827625,1.0101027019156976,0.027985576376871324
207.4,90.0,0.0016820492718800512,0.011585040000000001,1.010091293911141,0.028405532718800513
204.8,97.0,0.001549514929059461,0.012287832500000002,1.0100788737875541,0.02778298179059461
187.0,94.9,0.001351313797048606,0.01195958375,1.0100666787898975,0.025472721720486063
164.5,83.4,0.0012578159208612959,0.0095614275,1.0100561320240682,0.02213958670861296
161.9,84.0,0.0010718253771186815,0.011873655,1.0100452259843358,0.022591908771186817
174.0,82.3,0.0013392229628956965,0.00827093375,1.0100352653217017,0.021663163378956966
174.2,81.8,0.0013199870615695657,0.010127140000000001,1.0100255631070154,0.02332701061569566
157.5,93.2,0.0009492687049767103,0.010820305,1.0100142457449355,0.020312992049767106
199.7,80.4,0.0017195310237934115,0.008758957500000001,1.0100058693068739,0.025954267737934116
150.0,97.4,0.0008113856248025498,0.012162970000000002,1.0099935565008944,0.0202768262480255
193.7,68.4,0.0017967520236757378,0.006992864999999999,1.0099855650044538,0.024960385236757383
195.5,85.1,0.001657947123893245,0.010160766250000003,1.009975672374121,0.02674023748893245
203.2,78.6,0.0018028499204505346,0.010463715000000002,1.0099660103580674,0.02849221420450535
172.4,97.0,0.00110202763677088,0.012386765000000001,1.0099541959989071,0.0234070413677088
183.8,81.9,0.0014439553899802614,0.00879125625,1.0099448138340976,0.02323081014980262
197.7,77.2,0.0017502977660288923,0.008141840000000001,1.0099353967260236,0.025644817660288925
198.9,98.0,0.001444740076555077,0.012419890000000001,1.0099238488919904,0.026867290765550774
196.5,92.7,0.001495138787056749,0.010265636250000001,1.009912867886244,0.02521702412056749
200.9,94.2,0.0015742129228513747,0.010876350000000002,1.009901729482078,0.026618479228513747
215.6,76.2,0.0020104950398245514,0.010381905,1.009893288958907,0.030486855398245513
230.6,98.0,0.0018968024442137944,0.0120544075,1.0098815538511068,0.031022431942137947
222.2,83.9,0.0020002011623289724,0.00934700875,1.0098709575134721,0.02934902037328973
222.4,90.6,0.0019343152659327275,0.011811862500000003,1.0098602391844733,0.03115501515932728
226.1,90.5,0.002086032597136797,0.01169972125,1.0098488068576092,0.03256004722136797
229.8,86.3,0.002040099236856374,0.01284002125,1.0098386104300352,0.033241013618563735
216.1,93.6,0.0017693962736611093,0.012057157500000002,1.0098273965106916,0.02975112023661109
194.9,102.0,0.0014392526567001576,0.014119462500000002,1.0098151683246122,0.02851198906700158
181.9,79.1,0.0013972516595441072,0.008543901250000003,1.0098058714561602,0.02251641784544107
189.8,83.6,0.0014870070786449769,0.00989686,1.0097955129812966,0.02476693078644977
181.8,94.8,0.0013854242965286947,0.011343780000000001,1.0097841056058567,0.025198022965286948
207.1,74.9,0.0019535538153805706,0.00882205375,1.0097745529896087,0.028357591903805712
207.3,87.8,0.001650768749840983,0.010831165,1.0097633430078177,0.027338852498409835
227.3,92.8,0.001940737107915069,0.010468265000000001,1.0097522479444037,0.029875636079150697
242.3,92.0,0.002206559356782096,0.012422440000000003,1.0097411326469488,0.03448803356782096
233.2,91.5,0.002034125383796062,0.012590418749999999,1.0097299748304942,0.03293167258796062
243.2,98.9,0.0020756941860644467,0.01283266375,1.0097182315827156,0.03358960561064446
236.0,94.7,0.0020387672030991915,0.011857896250000001,1.0097069952914264,0.03224556828099191
196.8,98.2,0.0014615141355397419,0.0124561325,1.0096953608446537,0.02707127385539742
238.1,87.0,0.0022036652550321742,0.01082655,1.0096852221844739,0.03286320255032175
215.7,102.1,0.0016301014646821657,0.013839713750000001,1.0096731853812102,0.030140728396821657
224.4,99.8,0.001807912937093739,0.013276945000000002,1.009661759645472,0.031356074370937397
227.7,92.3,0.0019705676675465357,0.01032630625,1.0096511122531013,0.030031982925465363
254.6,84.9,0.0024363581888744166,0.009979473749999999,1.00964132218872,0.03434305563874417
236.9,103.6,0.001964329125612516,0.014476955000000003,1.0096291483387394,0.03412024625612516
222.8,87.6,0.0019459438045056707,0.010872195000000001,1.009619583144089,0.030331633045056716
212.6,95.3,0.0016971973577674323,0.01193825125,1.00960847530503,0.02891022482767432
213.2,87.3,0.0018493375810927238,0.010955516250000002,1.0095982636905636,0.029448892060927236
244.0,90.3,0.0022091265812676742,0.011734758750000001,1.0095873432970808,0.03382602456267675
233.0,102.6,0.0018808385225921897,0.013811114999999999,1.009575829072014,0.0326195002259219
241.3,92.8,0.0021438347103538086,0.010624745000000001,1.0095652975620655,0.03206309210353809
233.4,95.7,0.0019507274047281093,0.011612103750000002,1.0095544334417847,0.0311193777972811
213.7,92.5,0.001754588838058456,0.011847841250000001,1.009543578578969,0.029393729630584564
199.3,92.6,0.0015470061751514882,0.010466455000000001,1.0095331024522356,0.025936516751514885
221.6,85.9,0.0020596861153922086,0.010050436250000001,1.0095230108640219,0.03064729740392209
205.7,86.5,0.0016984659789474933,0.012834158750000001,1.009513740351982,0.029818818539474934
226.3,84.2,0.0020541655246894843,0.010574740000000001,1.0095039504731917,0.031116395246894846
187.8,103.4,0.0013056451292772385,0.014159380000000003,1.0094923385153922,0.02721583129277239
182.8,65.8,0.0017204168364081003,0.008604605000000001,1.0094840029398384,0.025808773364081
165.2,83.9,0.0012544355055001226,0.00949445875,1.0094746497220901,0.02203881380500123
174.5,71.0,0.001423825749548632,0.007988140000000001,1.0094665785418067,0.02222639749548632
180.1,95.0,0.0012256169229423542,0.011186897500000001,1.0094557683767036,0.023443066729423544
198.2,93.3,0.0015150896562450482,0.01084181625,1.0094453224271764,0.02599271281245048
197.6,93.6,0.0015198285701201347,0.010617817500000001,1.009434819198106,0.02581610320120135
198.5,79.2,0.0017418407818754176,0.0087765,1.0094272902663675,0.02619490781875418
219.2,96.8,0.0017503877590383913,0.012033100000000001,1.009416529453194,0.029536977590383918
203.8,95.3,0.0015839946210184995,0.011494768749999999,1.009406039645948,0.027334714960184994
228.5,88.8,0.002039492261843216,0.01123704,1.0093963689146306,0.03163196261843216
246.9,102.7,0.0020854631975472117,0.014177588750000001,1.0093851449472506,0.035032220725472116
228.0,89.1,0.002006975799104468,0.01109959875,1.0093750077615895,0.031169356741044686
188.9,102.2,0.001258495154900885,0.013678622500000001,1.0093640870427045,0.026263574049008854
175.0,85.1,0.001288840091249107,0.00851638375,1.0093549795321455,0.021404784662491065
196.3,94.4,0.001574763767175296,0.01128943,1.0093449158911765,0.027037067671752964
207.3,90.5,0.0016671019751410686,0.01190792125,1.0093362844185505,0.028578941001410688
214.2,96.6,0.0017027590701265815,0.011520180000000001,1.0093256459991813,0.028547770701265816
185.5,93.3,0.0013341520025301496,0.011448131250000002,1.009315899727189,0.0247896512753015
198.8,88.5,0.0015763605339066966,0.01020440625,1.009305927116073,0.025968011589066968
214.6,93.7,0.00175862291000196,0.01108451375,1.00929597622792,0.028670742850019602
251.6,98.6,0.0021973084742789605,0.0126871375,1.009285416689357,0.034660222242789605
224.0,102.2,0.001761013827385968,0.014038067500000001,1.009274599824232,0.03164820577385968
182.7,99.3,0.0012676541443161124,0.01290625875,1.0092642637382114,0.025582800193161125
238.0,70.5,0.002432614103054023,0.00905056125,1.009257314633971,0.03337670228054023
252.3,99.1,0.0022431223457657907,0.012539956250000001,1.0092470267708786,0.03497117970765791
253.7,95.0,0.0022862375269847622,0.013923760000000002,1.0092377498670173,0.03678613526984763
247.4,98.5,0.0021400664146020753,0.01220823125,1.0092271130965322,0.03360889539602075
248.1,96.9,0.0021754564040664566,0.011669756250000001,1.0092172365845569,0.03342432029066457
223.0,92.7,0.001971534665754021,0.012548313750000002,1.0092086349503049,0.03226366040754021
220.0,93.7,0.0018430903082344483,0.013209998750000002,1.009198577806362,0.031640901832344484
203.0,97.6,0.0015798929479831313,0.012197990000000002,1.0091889504229612,0.02799691947983132
213.3,79.5,0.001963685637828755,0.01017910125,1.0091804210130195,0.029815957628287544
218.3,89.4,0.001910552517476238,0.0115086075,1.0091722052647345,0.030614132674762384
232.2,87.2,0.0020785542002860744,0.0112362625,1.009162244872702,0.03202180450286075
217.5,96.5,0.0017519212779068941,0.01222669375,1.0091520495991337,0.02974590652906894
201.3,94.3,0.0015253966487731438,0.01152402125,1.0091425620944567,0.02677798773773144
192.8,89.5,0.001500439630695347,0.010452601250000002,1.009133611487138,0.02545699755695347
182.4,88.9,0.0013714229447311492,0.00947997125,1.0091244055853505,0.02319420069731149
